canonical_id,name,normalized_name,description,normalized_category,category_tags,address,city_regency,district,village,latitude,longitude,rating,review_count,price_min,price_max,currency,price_notes,opening_hours,phone,website,business_status,facilities,primary_source,source_count,first_collected_at,last_collected_at,last_verified_at,dedup_confidence,needs_manual_review,classification,classification_confidence,classification_signals,classification_reason,parent_canonical_id,place_relationship,dedup_cluster_id,dedup_reason
can_1fef284e7d10,Dermaga Pulau Pahawang,dermaga pahawang,,island,"['island', 'nature']","869J+P7C, Unnamed Road, Pulau Pahawang, Kec. Punduh Pidada, Kabupaten Pesawaran, Lampung 35453, Indonesia",Kabupaten Pesawaran,"Pulau Pahawang, Kecamatan Punduh Pidada",,-5.6806875,105.2306406,4.8,795.0,,,,,,+6282184661326,https://www.google.com/maps/search/?api=1&query=dermaga%20pulau%20pahawang&query_place_id=chij8eabclelqs4rwcqa9uteyfm,OPERATIONAL,"['Fasilitas: Toilet', 'Perencanaan: Disarankan untuk mendapatkan tiket terlebih dahulu', 'Pembayaran: Hanya tunai', 'Anak-anak: Cocok untuk anak-anak']",apify_google_maps,1,2026-07-13T03:18:12.408Z,2026-07-13T03:18:12.408Z,2026-07-13T13:48:44.392336+00:00,1.0,True,accepted,1.0,['category_accepted'],Kategori utama 'Tujuan Wisata' disetujui,can_b8395881499f,supporting_facility,can_1fef284e7d10,canonical_root
can_a2c04d65d663,Puncak Bukit Cendana Pesawaran,puncak cendana pesawaran,,hill,"['nature', 'hill']","Hutan, Kec. Hutan, Kabupaten Pesawaran, Lampung 35451, Indonesia",Kabupaten Pesawaran,"Hutan, Kecamatan Hutan",,-5.5399929,105.1077046,4.6,353.0,,,,,Senin: Buka 24 jAM; Selasa: Buka 24 jAM; Rabu: Buka 24 jAM; Kamis: Buka 24 jAM; Jumat: Buka 24 jAM; Sabtu: Buka 24 jAM; Minggu: Buka 24 jAM,,https://www.google.com/maps/search/?api=1&query=puncak%20bukit%20cendana%20pesawaran&query_place_id=chijc0rixburqs4rwly-4d2pskc,OPERATIONAL,"['Fasilitas: Toilet', 'Anak-anak: Cocok untuk anak-anak']",apify_google_maps,1,2026-07-13T03:18:56.782Z,2026-07-13T03:18:56.782Z,2026-07-13T13:48:44.434987+00:00,1.0,True,accepted,1.0,['category_accepted'],Kategori utama 'Tujuan Wisata' disetujui,can_73e67cc62426,part_of,can_a2c04d65d663,canonical_root
can_b4d1f1d155c3,Bukit Lantana Harapan Jaya,lantana harapan jaya,,hill,"['nature', 'hill']","Hutan, Kec. Hutan, Kabupaten Pesawaran, Lampung 35451, Indonesia",Kabupaten Pesawaran,"Hutan, Kecamatan Hutan",,-5.5364933,105.1007777,4.9,28.0,,,,,Senin: Buka 24 jAM; Selasa: Buka 24 jAM; Rabu: Buka 24 jAM; Kamis: Buka 24 jAM; Jumat: Buka 24 jAM; Sabtu: Buka 24 jAM; Minggu: Buka 24 jAM,+6285279794933,https://www.google.com/maps/search/?api=1&query=bukit%20lantana%20harapan%20jaya&query_place_id=chij3cntqxyrqs4raszrazo3pcu,OPERATIONAL,[],apify_google_maps,1,2026-07-13T03:18:56.782Z,2026-07-13T03:18:56.782Z,2026-07-13T13:48:44.440555+00:00,1.0,True,accepted,1.0,['category_accepted'],Kategori utama 'Tujuan Wisata' disetujui,can_f391c6effacf,part_of,can_b4d1f1d155c3,canonical_root
can_d2f2f7cfc4cd,Cendana Mountain Bike Park,cendana mountain bike,,mountain,"['nature', 'camping', 'park', 'mountain']","Jl. Melati, Hutan, Kec. Hutan, Kabupaten Pesawaran, Lampung 35451, Indonesia",Kabupaten Pesawaran,"Hutan, Kecamatan Hutan",,-5.5394643,105.1074129,4.6,62.0,,,,,,+6285279794933,https://www.google.com/maps/search/?api=1&query=cendana%20mountain%20bike%20park&query_place_id=chijbqcfyyurqs4rjeqildmztbm,OPERATIONAL,"['Fasilitas: Toilet', 'Fasilitas: Toilet umum', 'Hewan Peliharaan: Anjing boleh masuk']",apify_google_maps,1,2026-07-13T03:18:59.818Z,2026-07-13T03:18:59.818Z,2026-07-13T13:48:44.482385+00:00,1.0,True,accepted,1.0,['category_accepted'],Kategori utama 'Bumi Perkemahan' disetujui,can_73e67cc62426,part_of,can_d2f2f7cfc4cd,canonical_root
can_43190e32adf4,Sea WALKER KAISAR 77 PAHAWANG,sea walker kaisar 77 pahawang,,other,['other'],"86FC+VXJ, Pulau Pahawang, Pardasuka, Kabupaten Pesawaran, Lampung 35453, Indonesia",Kabupaten Pesawaran,"Pulau Pahawang, Pardasuka",,-5.6752922,105.2224062,5.0,4.0,,,,,Senin: 08.30 to 05.30; Selasa: 08.30 to 05.30; Rabu: 08.30 to 05.30; Kamis: 08.30 to 05.30; Jumat: 08.30 to 05.30; Sabtu: 08.30 to 05.30; Minggu: 08.30 to 05.30,+6283863266079,https://www.google.com/maps/search/?api=1&query=sea%20walker%20kaisar%2077%20pahawang&query_place_id=chijscggvaavqs4rzs1pan6lvwo,OPERATIONAL,['Anak-anak: Cocok untuk anak-anak'],apify_google_maps,1,2026-07-13T03:19:01.115Z,2026-07-13T03:19:01.115Z,2026-07-13T13:48:44.495280+00:00,1.0,True,accepted,1.0,['category_accepted'],Kategori utama 'Tujuan Wisata' disetujui,can_59a8f91551ac,part_of,can_43190e32adf4,canonical_root
can_5eb80b0dba74,Bumi pahawang,bumi pahawang,,other,['other'],"C67G+5PP, Jl. Mahitam, Gebang, Kec. Padang Cermin, Kabupaten Pesawaran, Lampung 35451, Indonesia",Kabupaten Pesawaran,"Gebang, Kecamatan Padang Cermin",,-5.5870338,105.2268268,5.0,1.0,,,,,,,https://www.google.com/maps/search/?api=1&query=bumi%20pahawang&query_place_id=chijp-m9mganqs4rvxmregywunk,OPERATIONAL,['Anak-anak: Cocok untuk anak-anak'],apify_google_maps,1,2026-07-13T03:19:12.459Z,2026-07-13T03:19:12.459Z,2026-07-13T13:48:44.635239+00:00,1.0,True,accepted,1.0,['category_accepted'],Kategori utama 'Tujuan Wisata' disetujui,can_2d308585317a,part_of,can_5eb80b0dba74,canonical_root
can_dc84297958b2,Transportasi Wisata Pulau Pahawang,transportasi pahawang,,island,"['island', 'nature']","Pantai Klara2, Dermag 4 Desa, Batu Menyan, Kec. Padang Cermin, Kabupaten Pesawaran, Lampung 35454, Indonesia",Kabupaten Pesawaran,"Batu Menyan, Kecamatan Padang Cermin",,-5.5878488,105.2296208,,,,,,,,+6285380711985,https://www.google.com/maps/search/?api=1&query=transportasi%20wisata%20pulau%20pahawang&query_place_id=chij64s1jo4nqs4r2oyp9kkj2pk,OPERATIONAL,"['Fasilitas: Toilet', 'Anak-anak: Cocok untuk anak-anak']",apify_google_maps,1,2026-07-13T03:19:13.207Z,2026-07-13T03:19:13.207Z,2026-07-13T13:48:44.639565+00:00,1.0,True,accepted,1.0,['category_accepted'],Kategori utama 'Tujuan Wisata' disetujui,can_2d308585317a,supporting_facility,can_dc84297958b2,canonical_root
can_b53e4518f5d4,Tugu Andan Jejama,tugu andan jejama,,park,['park'],"J32C+33W, Waylayap, Kec. Gedong Tataan, Kabupaten Pesawaran, Lampung 35366, Indonesia",Kabupaten Pesawaran,"Waylayap, Kecamatan Gedong Tataan",,-5.3997525,105.0701905,4.0,44.0,,,,,Senin: Buka 24 jAM; Selasa: Buka 24 jAM; Rabu: Buka 24 jAM; Kamis: Buka 24 jAM; Jumat: Buka 24 jAM; Sabtu: Buka 24 jAM; Minggu: Buka 24 jAM,,https://www.google.com/maps/search/?api=1&query=tugu%20andan%20jejama&query_place_id=chijm_hlvfdsqc4ro4kydzro_hc,OPERATIONAL,['Anak-anak: Cocok untuk anak-anak'],apify_google_maps,1,2026-07-13T03:20:43.352Z,2026-07-13T03:20:43.352Z,2026-07-13T13:48:45.134116+00:00,1.0,True,accepted,0.9,['high_reviews:44'],Kategori 'Taman' disetujui dengan sinyal: high_reviews:44,can_e4a68e4d0072,part_of,can_b53e4518f5d4,canonical_root
can_7ecb1aed83dd,Air Terjun Kembar Congkanan,kembar congkanan,,waterfall,"['nature', 'waterfall']","FX3G+3Q, Bayas Jaya, Kec. Way Khilau, Kabupaten Pesawaran, Lampung 35368, Indonesia",Kabupaten Pesawaran,"Bayas Jaya, kecamatan Way Khilau",,-5.54734,104.976934,4.0,4.0,,,,,,,https://www.google.com/maps/search/?api=1&query=air%20terjun%20kembar%20congkanan&query_place_id=chijsw-mwqdvri4rtoe7tyhs3pg,OPERATIONAL,[],apify_google_maps,1,2026-07-13T03:20:46.455Z,2026-07-13T03:20:46.455Z,2026-07-13T13:48:45.222679+00:00,1.0,True,accepted,1.0,['category_accepted'],Kategori utama 'Tujuan Wisata' disetujui,can_e53e6824a04c,part_of,can_7ecb1aed83dd,canonical_root
can_defc79129a5b,Spot garuda pahawang,garuda pahawang,,other,['other'],"86FC+VXJ, Pulau Pahawang, Pardasuka, Kabupaten Pringsewu, Lampung 35453, Indonesia",Kabupaten Pringsewu,"Pulau Pahawang, Pardasuka",,-5.6752922,105.2224062,5.0,1.0,,,,,,,https://www.google.com/maps/search/?api=1&query=spot%20garuda%20pahawang&query_place_id=chijs_dizqalqs4ra6phbpvxnno,OPERATIONAL,[],apify_google_maps,1,2026-07-13T03:20:59.471Z,2026-07-13T03:20:59.471Z,2026-07-13T13:48:45.232899+00:00,1.0,True,accepted,1.0,['category_accepted'],Kategori utama 'Tujuan Wisata' disetujui,can_d5eff4e1d4aa,part_of,can_defc79129a5b,canonical_root
can_ce432d44aecd,mahitam water sport,mahitam water sport,,other,['other'],"C65V+759, Gebang, Kec. Padang Cermin, Kabupaten Pesawaran, Lampung, Indonesia",Kabupaten Pesawaran,"Gebang, Kecamatan Padang Cermin",,-5.5918358,105.2429925,5.0,1.0,,,,,,,https://www.google.com/maps/search/?api=1&query=mahitam%20water%20sport&query_place_id=chijfxu8rzgnqs4rugjjxpjzrim,OPERATIONAL,[],apify_google_maps,1,2026-07-13T03:21:31.644Z,2026-07-13T03:21:31.644Z,2026-07-13T13:48:45.258592+00:00,1.0,True,accepted,1.0,['category_accepted'],Kategori utama 'Tujuan Wisata' disetujui,can_e75715fe1d69,part_of,can_ce432d44aecd,canonical_root
can_e005614abeac,Pemandian Way Bekhak Sukaraja Gunung Alip,way bekhak sukaraja alip,,mountain,"['nature', 'recreation', 'park', 'mountain']","HQW2+MWQ, Jl. Raya Banjarnegeri, Sukaraja, Gn. Alip, Kabupaten Tanggamus, Lampung 35379, Indonesia",Kabupaten Tanggamus,"Sukaraja, Gunung Alip",,-5.4032886,104.7523501,4.5,428.0,,,,,Senin: 07.00 to 18.00; Selasa: 07.00 to 18.00; Rabu: 07.00 to 18.00; Kamis: 07.00 to 18.00; Jumat: 07.00 to 18.00; Sabtu: 07.00 to 18.00; Minggu: 07.00 to 18.00,,https://www.google.com/maps/search/?api=1&query=pemandian%20way%20bekhak%20sukaraja%20gunung%20alip&query_place_id=chijssgpsj8kry4rchnfjtsuvhg,OPERATIONAL,"['Penawaran: Makanan', 'Fasilitas: Toilet', 'Pembayaran: Hanya tunai', 'Anak-anak: Cocok untuk anak-anak', 'Anak-anak: Taman bermain']",apify_google_maps,1,2026-07-13T03:20:45.763Z,2026-07-13T03:20:45.763Z,2026-07-13T13:48:45.646816+00:00,1.0,True,accepted,1.0,['category_accepted'],Kategori utama 'Taman Rekreasi Air' disetujui,can_eed1ff55b8a0,part_of,can_e005614abeac,canonical_root
can_a12a34f255cd,Mata Air Way Bekhak 1,mata air way bekhak 1,,other,['other'],"HQW2+CJ9, Unnamed Road, Sukaraja, Gn. Alip, Kabupaten Tanggamus, Lampung 35378, Indonesia",Kabupaten Tanggamus,"Sukaraja, Gunung Alip",,-5.4039719,104.7516205,4.5,105.0,,,,,,,https://www.google.com/maps/search/?api=1&query=mata%20air%20way%20bekhak%201&query_place_id=chijfr9tvsmjry4rych2fz99soo,OPERATIONAL,"['Fasilitas: Toilet', 'Anak-anak: Cocok untuk anak-anak']",apify_google_maps,1,2026-07-13T03:20:45.948Z,2026-07-13T03:20:45.948Z,2026-07-13T13:48:45.669503+00:00,1.0,True,accepted,1.0,['category_accepted'],Kategori utama 'Tujuan Wisata' disetujui,can_eed1ff55b8a0,part_of,can_a12a34f255cd,canonical_root
can_2072b3547930,Mata Air Sumberagung1,mata air sumberagung1,,recreation,"['recreation', 'park']","Margoyoso, Kec. Sumberejo, Kabupaten Tanggamus, Lampung 35374, Indonesia",Kabupaten Tanggamus,"Margoyoso, Kecamatan Sumberejo",,-5.3711286,104.6779113,4.4,444.0,,,,,Senin: 07.00 to 17.00; Selasa: 07.00 to 17.00; Rabu: 07.00 to 17.00; Kamis: 07.00 to 17.00; Jumat: 07.00 to 17.00; Sabtu: 07.00 to 17.00; Minggu: 07.00 to 17.00,+6285814272792,https://www.google.com/maps/search/?api=1&query=mata%20air%20sumberagung1&query_place_id=chij1qknm0g9ry4rssayhxz9qwu,OPERATIONAL,"['Penawaran: Makanan', 'Anak-anak: Cocok untuk anak-anak', 'Anak-anak: Taman bermain']",apify_google_maps,1,2026-07-13T03:20:47.908Z,2026-07-13T03:20:47.908Z,2026-07-13T13:48:45.701200+00:00,1.0,True,accepted,1.0,['category_accepted'],Kategori utama 'Taman Rekreasi Air' disetujui,can_65c1d43cb691,part_of,can_2072b3547930,canonical_root
can_00055c1c8161,Wisata Mata Air Gunung Batu,mata air batu,,mountain,"['nature', 'mountain']","JMHH+G53, Margoyoso, Kec. Sumberejo, Kabupaten Tanggamus, Lampung 35679, Indonesia",Kabupaten Tanggamus,"Margoyoso, Kecamatan Sumberejo",,-5.3712369,104.6779091,3.9,34.0,,,,,Senin: 07.00 to 17.00; Selasa: 07.00 to 17.00; Rabu: 07.00 to 17.00; Kamis: 07.00 to 17.00; Jumat: 07.00 to 17.00; Sabtu: 07.00 to 17.00; Minggu: 07.00 to 17.00,,https://www.google.com/maps/search/?api=1&query=wisata%20mata%20air%20gunung%20batu&query_place_id=chijctskiqa9ry4rdjcmawrtlys,OPERATIONAL,"['Fasilitas: Toilet', 'Anak-anak: Cocok untuk anak-anak', 'Anak-anak: Taman bermain']",apify_google_maps,1,2026-07-13T03:21:03.139Z,2026-07-13T03:21:03.139Z,2026-07-13T13:48:45.891446+00:00,1.0,True,accepted,1.0,['category_accepted'],Kategori utama 'Tujuan Wisata' disetujui,can_65c1d43cb691,part_of,can_00055c1c8161,canonical_root
can_b89c723f7060,Sumber Mata Air Gunung Batu Margoyoso,sumber mata air batu margoyoso,,mountain,"['nature', 'mountain']","JMHH+88X, Jalan Pasar Gunung Batu, Margoyoso, Kec. Sumberejo, Kabupaten Tanggamus, Lampung 35679, Indonesia",Kabupaten Tanggamus,"Margoyoso, Kecamatan Sumberejo",,-5.3716353,104.6783456,4.6,7.0,,,,,,,https://www.google.com/maps/search/?api=1&query=sumber%20mata%20air%20gunung%20batu%20margoyoso&query_place_id=chijt1fviwa9ry4rtye8cap9jvm,OPERATIONAL,['Anak-anak: Cocok untuk anak-anak'],apify_google_maps,1,2026-07-13T03:21:03.140Z,2026-07-13T03:21:03.140Z,2026-07-13T13:48:45.901717+00:00,1.0,True,accepted,1.0,['category_accepted'],Kategori utama 'Tujuan Wisata' disetujui,can_65c1d43cb691,part_of,can_b89c723f7060,canonical_root
can_ef591262057e,PARKIRAN WISATA MATA AIR GUNUNG BATU,parkiran mata air batu,,mountain,"['nature', 'park', 'mountain']","JMHH+6GR, Jalan Raya Gunung Batu, Margoyoso, Kec. Sumberejo, Kabupaten Tanggamus, Lampung 35679, Indonesia",Kabupaten Tanggamus,"Margoyoso, Kecamatan Sumberejo",,-5.3718848,104.6787737,4.5,2.0,,,,,Senin: Buka 24 jAM; Selasa: Buka 24 jAM; Rabu: Buka 24 jAM; Kamis: Buka 24 jAM; Jumat: Buka 24 jAM; Sabtu: Buka 24 jAM; Minggu: Buka 24 jAM,+628526793218,https://www.google.com/maps/search/?api=1&query=parkiran%20wisata%20mata%20air%20gunung%20batu&query_place_id=chijwyafcwa9ry4r0mijhk44bbi,OPERATIONAL,['Anak-anak: Cocok untuk anak-anak'],apify_google_maps,1,2026-07-13T03:21:03.140Z,2026-07-13T03:21:03.140Z,2026-07-13T13:48:45.908446+00:00,1.0,True,accepted,1.0,['category_accepted'],Kategori utama 'Tujuan Wisata' disetujui,can_65c1d43cb691,supporting_facility,can_ef591262057e,canonical_root
can_8d54a631e32a,Tempat parkir wisata mata air gunung batu margoyoso,parkir mata air batu margoyoso,,mountain,"['nature', 'park', 'mountain']","JMHH+M28, Margoyoso, Kec. Sumberejo, Kabupaten Tanggamus, Lampung 35679, Indonesia",Kabupaten Tanggamus,"Margoyoso, Kecamatan Sumberejo",,-5.3708487,104.6775889,4.3,3.0,,,,,,,https://www.google.com/maps/search/?api=1&query=tempat%20parkir%20wisata%20mata%20air%20gunung%20batu%20margoyoso&query_place_id=chijv98viqa9ry4rheof_ttzq1m,OPERATIONAL,['Anak-anak: Cocok untuk anak-anak'],apify_google_maps,1,2026-07-13T03:21:03.816Z,2026-07-13T03:21:03.816Z,2026-07-13T13:48:45.920759+00:00,1.0,True,accepted,1.0,['category_accepted'],Kategori utama 'Tujuan Wisata' disetujui,can_65c1d43cb691,supporting_facility,can_8d54a631e32a,canonical_root
can_dd7cc4c40c55,Ganong mata air,ganong mata air,,other,['other'],"JMGH+Q59, Jl. Raya Margoyoso, gunung batu, Margoyoso, Kec. Sumberejo, Kabupaten Tanggamus, Lampung 35679, Indonesia",Kabupaten Tanggamus,"Margoyoso, Kecamatan Sumberejo",,-5.3707913,104.6775268,5.0,2.0,,,,,,,https://www.google.com/maps/search/?api=1&query=ganong%20mata%20air&query_place_id=chijpzopdaa9ry4rovrxsy0ncp8,OPERATIONAL,['Anak-anak: Cocok untuk anak-anak'],apify_google_maps,1,2026-07-13T03:21:04.431Z,2026-07-13T03:21:04.431Z,2026-07-13T13:48:45.985115+00:00,1.0,True,accepted,1.0,['category_accepted'],Kategori utama 'Tujuan Wisata' disetujui,can_65c1d43cb691,part_of,can_dd7cc4c40c55,canonical_root
can_866693810d63,Air Terjun Lembah Pelangi Ulu Belu,lembah pelangi ulu belu,,waterfall,"['nature', 'waterfall']","MG8W+M97, Sukamaju, Kec. Ulubelu, Kabupaten Tanggamus, Lampung 35686, Indonesia",Kabupaten Tanggamus,"Sukamaju, Kecamatan Ulubelu",,-5.33334,104.5459109,4.5,510.0,,,,,Senin: Buka 24 jAM; Selasa: Buka 24 jAM; Rabu: Buka 24 jAM; Kamis: Buka 24 jAM; Jumat: Buka 24 jAM; Sabtu: Buka 24 jAM; Minggu: Buka 24 jAM,,https://www.google.com/maps/search/?api=1&query=air%20terjun%20lembah%20pelangi%20ulu%20belu&query_place_id=chiju24izjwrry4rnajq3l0uo7i,OPERATIONAL,['Fasilitas: Toilet'],apify_google_maps,1,2026-07-13T03:22:39.274Z,2026-07-13T03:22:39.274Z,2026-07-13T13:48:46.793487+00:00,1.0,True,accepted,1.0,['category_accepted'],Kategori utama 'Tujuan Wisata' disetujui,can_ad889bc099a0,part_of,can_866693810d63,canonical_root
can_bd4974eeb695,Puncak Danau Datarajan Ulu Belu,puncak datarajan ulu belu,,lake,"['nature', 'lake']","JJR9+VW8, Jl. Raya Datarajan, Datarajan, Kec. Ulubelu, Kabupaten Tanggamus, Lampung 35387, Indonesia",Kabupaten Tanggamus,"Datarajan, Kecamatan Ulubelu",,-5.35785,104.6198357,4.6,8.0,,,,,Senin: Buka 24 jAM; Selasa: Buka 24 jAM; Rabu: Buka 24 jAM; Kamis: Buka 24 jAM; Jumat: Buka 24 jAM; Sabtu: Buka 24 jAM; Minggu: Buka 24 jAM,,https://www.google.com/maps/search/?api=1&query=puncak%20danau%20datarajan%20ulu%20belu&query_place_id=chijztsaczqxry4rame7p5mbjh4,OPERATIONAL,['Anak-anak: Cocok untuk anak-anak'],apify_google_maps,1,2026-07-13T03:22:39.683Z,2026-07-13T03:22:39.683Z,2026-07-13T13:48:46.802826+00:00,1.0,True,accepted,1.0,['category_accepted'],Kategori utama 'Tujuan Wisata' disetujui,can_e067b18516ae,part_of,can_bd4974eeb695,canonical_root
can_9f3985b3d409,Pantai Cemara Beach & Camp Digul,cemara camp digul,,beach,"['nature', 'camping', 'beach']","Pantai Cemara Digul, Tj. Agung, Kabupaten Tanggamus, Lampung 35384, Indonesia",Kabupaten Tanggamus,Tanjung Agung,,-5.5109205,104.5636488,5.0,20.0,,,,,,+628117911796,https://cemara-beach.web.app,OPERATIONAL,"['Dari bisnis: Mengidentifikasi diri sebagai milik perempuan', 'Fasilitas: Toilet', 'Anak-anak: Cocok untuk anak-anak']",apify_google_maps,1,2026-07-13T03:24:30.242Z,2026-07-13T03:24:30.242Z,2026-07-13T13:48:47.763804+00:00,1.0,True,accepted,1.0,['category_accepted'],Kategori utama 'Tujuan Wisata' disetujui,can_51f513d20941,part_of,can_9f3985b3d409,canonical_root
can_935271dd2e4a,PANTAI KAKHANG BETUAH,kakhang betuah,,beach,"['nature', 'beach']","CGPX+4QV, Jl. Khikit, Betung, Kec. Pematang Sawa, Kabupaten Tanggamus, Lampung 35382, Indonesia",Kabupaten Tanggamus,"Betung, Kecamatan Pematang Sawa",,-5.5646399,104.5494141,5.0,4.0,,,,,,,https://www.google.com/maps/search/?api=1&query=pantai%20kakhang%20betuah&query_place_id=chijsydevwljri4rmsmwxrtbobu,OPERATIONAL,['Anak-anak: Cocok untuk anak-anak'],apify_google_maps,1,2026-07-13T03:27:50.465Z,2026-07-13T03:27:50.465Z,2026-07-13T13:48:49.803858+00:00,1.0,True,accepted,1.0,['category_accepted'],Kategori utama 'Tujuan Wisata' disetujui,can_77cbe84ab968,part_of,can_935271dd2e4a,canonical_root
can_f4fd443e3174,WISATA KAKHANG BUTUAH,kakhang butuah,,recreation,['recreation'],"Betung, Kec. Pematang Sawa, Kabupaten Tanggamus, Lampung 35382, Indonesia",Kabupaten Tanggamus,"Betung, Kecamatan Pematang Sawa",,-5.5662336,104.5491788,4.8,13.0,,,,,Senin: Buka 24 jAM; Selasa: Buka 24 jAM; Rabu: Buka 24 jAM; Kamis: Buka 24 jAM; Jumat: Buka 24 jAM; Sabtu: Buka 24 jAM; Minggu: Buka 24 jAM,,https://www.google.com/maps/search/?api=1&query=wisata%20kakhang%20butuah&query_place_id=chijbfmunsdjri4r6szc7getwis,OPERATIONAL,"['Fasilitas: Toilet', 'Anak-anak: Cocok untuk anak-anak']",apify_google_maps,1,2026-07-13T03:28:07.241Z,2026-07-13T03:28:07.241Z,2026-07-13T13:48:49.897236+00:00,1.0,True,accepted,1.0,['category_accepted'],Kategori utama 'Tujuan Wisata' disetujui,can_77cbe84ab968,part_of,can_f4fd443e3174,canonical_root
can_bf08bd9763ad,Water Park Lembah Hijau,water lembah hijau,,waterpark,"['waterpark', 'recreation', 'park']","H6PJ+5VQ, Jl. Raden Imba Kusuma Ratu, Sukadana Ham, Kec. Tj. Karang Bar., Kota Bandar Lampung, Lampung 35116, Indonesia",Kota Bandar Lampung,"Sukadana Ham, Kecamatan Tanjung Karang Barat",,-5.4145301,105.2322432,4.2,1015.0,,,,,Senin: 08.00 to 16.00; Selasa: 08.00 to 16.00; Rabu: 08.00 to 16.00; Kamis: 08.00 to 16.00; Jumat: 08.00 to 16.00; Sabtu: 08.00 to 17.00; Minggu: 08.00 to 17.00,+627218050000,https://www.google.com/maps/search/?api=1&query=water%20park%20lembah%20hijau&query_place_id=chijy2xawgtaqc4rq3mfbqmg7xi,OPERATIONAL,"['Keunggulan: Pertunjukan live', 'Aksesibilitas: Toilet khusus pengguna kursi roda', 'Penawaran: Makanan', 'Fasilitas: Restoran', 'Fasilitas: Toilet', 'Pembayaran: Pembayaran seluler dengan NFC', 'Anak-anak: Cocok untuk anak-anak', 'Anak-anak: Taman bermain']",apify_google_maps,1,2026-07-13T02:40:24.282Z,2026-07-13T02:40:24.282Z,2026-07-13T13:48:50.442317+00:00,1.0,True,accepted,1.0,['category_accepted'],Kategori utama 'Tujuan Wisata' disetujui,can_5172878bb5f9,part_of,can_bf08bd9763ad,canonical_root
can_f8b73d97fc4c,WaterBoom Bumi Kedaton,waterboom bumi kedaton,,recreation,"['recreation', 'park']","bumi kedaton, Batu Putuk, Kec. Tlk. Betung Utara, Kota Bandar Lampung, Lampung 35234, Indonesia",Kota Bandar Lampung,"Batu Putuk, Kecamatan Teluk Betung Utara",,-5.4348766,105.2262448,4.1,310.0,,,,,,,https://www.google.com/maps/search/?api=1&query=waterboom%20bumi%20kedaton&query_place_id=chijmecbxw7aqc4rxjmif3w4vf8,OPERATIONAL,"['Aksesibilitas: Tempat parkir khusus pengguna kursi roda', 'Aksesibilitas: Toilet khusus pengguna kursi roda', 'Penawaran: Makanan', 'Fasilitas: Toilet', 'Tipe pengunjung: Ramah keluarga', 'Anak-anak: Cocok untuk anak-anak', 'Anak-anak: Taman bermain']",apify_google_maps,1,2026-07-13T02:40:24.865Z,2026-07-13T02:40:24.865Z,2026-07-13T13:48:50.779102+00:00,1.0,True,accepted,1.0,['category_accepted'],Kategori utama 'Tujuan Wisata' disetujui,can_6aedd164b6b5,part_of,can_f8b73d97fc4c,canonical_root
can_1bc7d7c308eb,Kawasan Wisata Sumur Putri,kawasan sumur putri,,park,['park'],"H66W+7C3, Sumur Putri, Kec. Tlk. Betung Utara, Kota Bandar Lampung, Lampung 35229, Indonesia",Kota Bandar Lampung,"Sumur Putri, Kecamatan Teluk Betung Utara",,-5.4393675,105.2460603,4.5,15.0,,,,,,,https://www.google.com/maps/search/?api=1&query=kawasan%20wisata%20sumur%20putri&query_place_id=chijr412doxbqc4rdz6vian4bcg,OPERATIONAL,[],apify_google_maps,1,2026-07-13T02:40:25.898Z,2026-07-13T02:40:25.898Z,2026-07-13T13:48:50.924023+00:00,1.0,True,accepted,0.9,"['name_keyword:wisata', 'high_reviews:15']","Kategori 'Taman' disetujui dengan sinyal: name_keyword:wisata, high_reviews:15",can_2bd35ec14c24,part_of,can_1bc7d7c308eb,canonical_root
can_17b24ba62485,Water Park Citra Garden,water citra garden,,waterpark,"['waterpark', 'recreation', 'family', 'park']","Jl. DR. Setia Budi No.170, Negeri Olok Gading, Kec. Tlk. Betung Bar., Kota Bandar Lampung, Lampung 35233, Indonesia",Kota Bandar Lampung,"Negeri Olok Gading, Kecamatan Teluk Betung Barat",,-5.4455772,105.2478443,4.3,1271.0,,,,,Senin: Tutup; Selasa: Tutup; Rabu: Tutup; Kamis: 13.00 to 18.00; Jumat: 13.00 to 18.00; Sabtu: 08.00 to 18.00; Minggu: 08.00 to 18.00,+62721474255,https://citragardenlampung.com,OPERATIONAL,"['Aksesibilitas: Pintu masuk khusus pengguna kursi roda', 'Aksesibilitas: Tempat parkir khusus pengguna kursi roda', 'Aksesibilitas: Toilet khusus pengguna kursi roda', 'Penawaran: Makanan', 'Fasilitas: Penyimpanan bagasi', 'Fasilitas: Restoran', 'Fasilitas: Toilet', 'Tipe pengunjung: Ramah keluarga', 'Pembayaran: Kartu debit', 'Pembayaran: Kartu kredit', 'Anak-anak: Cocok untuk anak-anak', 'Anak-anak: Taman bermain']",apify_google_maps,1,2026-07-13T02:40:25.899Z,2026-07-13T02:40:25.899Z,2026-07-13T13:48:50.994427+00:00,1.0,True,accepted,1.0,['category_accepted'],Kategori utama 'Tujuan Wisata' disetujui,can_263dc4257836,part_of,can_17b24ba62485,canonical_root
can_b4267c2dccd2,Gunung Kunyit Beach View,kunyit view,,beach,"['nature', 'mountain', 'beach']","H72J+9QG, Jl. Ikan Terbang, Bumi Waras, Kec. Telukbetung Selatan, Kota Bandar Lampung, Lampung, Indonesia",Kota Bandar Lampung,"Bumi Waras, Kecamatan Telukbetung Selatan",,-5.4490584,105.2819565,4.2,402.0,,,,,Senin: Buka 24 jAM; Selasa: Buka 24 jAM; Rabu: Buka 24 jAM; Kamis: Buka 24 jAM; Jumat: Buka 24 jAM; Sabtu: Buka 24 jAM; Minggu: Buka 24 jAM,,https://www.google.com/maps/search/?api=1&query=gunung%20kunyit%20beach%20view&query_place_id=chijn45w5grzqc4rfemhcnt7dqo,OPERATIONAL,"['Keunggulan: Piknik', 'Anak-anak: Cocok untuk anak-anak', 'Hewan Peliharaan: Anjing boleh masuk']",apify_google_maps,1,2026-07-13T02:40:34.682Z,2026-07-13T02:40:34.682Z,2026-07-13T13:48:51.916384+00:00,1.0,True,accepted,1.0,['category_accepted'],Kategori utama 'Pantai Umum' disetujui,can_4e2dac6e4344,part_of,can_b4267c2dccd2,canonical_root
can_beb0c6a513a2,PANTAI BERENANG GUNUNG KUNYIT,berenang kunyit,,beach,"['nature', 'mountain', 'beach']","H72J+9C, Kec. Bumi Waras, Kota Bandar Lampung, Lampung, Indonesia",Kota Bandar Lampung,Kecamatan Bumi Waras,,-5.4488517,105.2806675,4.5,2.0,,,,,,,https://www.google.com/maps/search/?api=1&query=pantai%20berenang%20gunung%20kunyit&query_place_id=chijwfbqagdzqc4rtw8is3ngphk,OPERATIONAL,['Anak-anak: Cocok untuk anak-anak'],apify_google_maps,1,2026-07-13T02:40:34.682Z,2026-07-13T02:40:34.682Z,2026-07-13T13:48:51.935416+00:00,1.0,True,accepted,1.0,['category_accepted'],Kategori utama 'Tujuan Wisata' disetujui,can_4e2dac6e4344,part_of,can_beb0c6a513a2,canonical_root
can_26b28da9aa2c,Dermaga Pulau Pasaran,dermaga pasaran,,island,"['island', 'nature']","G7P7+CXX, Jl. P. Pasaran, Kota Karang, Kec. Telukbetung Timur, Kota Bandar Lampung, Lampung, Indonesia",Kota Bandar Lampung,"Kota Karang, Kecamatan Telukbetung Timur",,-5.4638889,105.265,,,,,,,,,https://www.google.com/maps/search/?api=1&query=dermaga%20pulau%20pasaran&query_place_id=chijw8j2bqdzqc4rce75tpcx6ic,OPERATIONAL,['Anak-anak: Cocok untuk anak-anak'],apify_google_maps,1,2026-07-13T02:40:34.760Z,2026-07-13T02:40:34.760Z,2026-07-13T13:48:52.091237+00:00,1.0,True,accepted,1.0,['category_accepted'],Kategori utama 'Tujuan Wisata' disetujui,can_3c37606ab09b,supporting_facility,can_26b28da9aa2c,canonical_root
can_9e2efbbe1626,Waterpark Lampung Walk (Kolam Renang),walk kolam renang,,waterpark,"['waterpark', 'recreation', 'park']","Jl. Pulau Batam No.10, Way Halim Permai, Kec. Sukarame, Kota Bandar Lampung, Lampung 35133, Indonesia",Kota Bandar Lampung,"Way Halim Permai, Kecamatan Sukarame",,-5.3903562,105.2766981,4.4,94.0,,,,,Senin: 08.00 to 18.00; Selasa: 08.00 to 18.00; Rabu: 08.00 to 18.00; Kamis: 08.00 to 18.00; Jumat: 08.00 to 18.00; Sabtu: 08.00 to 18.00; Minggu: 08.00 to 20.00,,https://www.google.com/maps/search/?api=1&query=waterpark%20lampung%20walk%20(kolam%20renang)&query_place_id=chijr98oubnbqc4r4pyqxwpvlm4,OPERATIONAL,[],apify_google_maps,1,2026-07-13T02:40:35.431Z,2026-07-13T02:40:35.431Z,2026-07-13T13:48:52.130056+00:00,1.0,True,accepted,0.8,['name_accepted_keyword'],Nama mengandung keyword wisata 'waterpark',can_60372709f532,part_of,can_9e2efbbe1626,canonical_root
can_fe57771636c7,The Hidden Valley Bukit AsLan,the hidden valley aslan,,hill,"['nature', 'hill']","H8J6+5V, Way Gubak, Kec. Sukabumi, Kota Bandar Lampung, Lampung 35244, Indonesia",Kota Bandar Lampung,"Way Gubak, Kecamatan Sukabumi",,-5.4182073,105.3135282,5.0,1.0,,,,,,,https://www.google.com/maps/search/?api=1&query=the%20hidden%20valley%20bukit%20aslan&query_place_id=chijwzedoqddqc4r3rdh_o4e4vo,OPERATIONAL,[],apify_google_maps,1,2026-07-13T02:40:38.116Z,2026-07-13T02:40:38.116Z,2026-07-13T13:48:52.874988+00:00,1.0,True,accepted,1.0,['category_accepted'],Kategori utama 'Tujuan Wisata' disetujui,can_82cfd331e82c,part_of,can_fe57771636c7,canonical_root
can_3c9d25ff4912,Taman Citra Garden,citra garden,,park,['park'],"H63V+GPV, Negeri Olok Gading, Kec. Tlk. Betung Bar., Kota Bandar Lampung, Lampung 35222, Indonesia",Kota Bandar Lampung,"Negeri Olok Gading, Kecamatan Teluk Betung Barat",,-5.4461362,105.2442863,4.4,36.0,,,,,,,https://www.google.com/maps/search/?api=1&query=taman%20citra%20garden&query_place_id=chijg98jnidaqc4r-sa1uictbo0,OPERATIONAL,['Anak-anak: Cocok untuk anak-anak'],apify_google_maps,1,2026-07-13T02:40:47.625Z,2026-07-13T02:40:47.625Z,2026-07-13T13:48:53.192056+00:00,1.0,True,accepted,0.9,"['high_reviews:36', 'search_keyword:taman wisata']","Kategori 'Taman' disetujui dengan sinyal: high_reviews:36, search_keyword:taman wisata",can_263dc4257836,part_of,can_3c9d25ff4912,canonical_root
can_c28e7527b92d,The Lookout Bukit AsLan,the lookout aslan,,hill,"['nature', 'park', 'hill']","H8J6+WJ, Campang Raya, Kec. Sukabumi, Kota Bandar Lampung, Lampung 35244, Indonesia",Kota Bandar Lampung,"Campang Raya, Kecamatan Sukabumi",,-5.4176776,105.3115367,5.0,7.0,,,,,,,https://www.google.com/maps/search/?api=1&query=the%20lookout%20bukit%20aslan&query_place_id=chijt2wzyadbqc4rqu6c6oq5oq4,OPERATIONAL,['Anak-anak: Cocok untuk anak-anak'],apify_google_maps,1,2026-07-13T02:40:48.382Z,2026-07-13T02:40:48.382Z,2026-07-13T13:48:53.513051+00:00,1.0,True,accepted,0.9,['search_keyword:taman wisata'],Kategori 'Taman' disetujui dengan sinyal: search_keyword:taman wisata,can_82cfd331e82c,part_of,can_c28e7527b92d,canonical_root
can_43716e789f7c,Gapura Taman Dipangga,gapura dipangga,,park,['park'],"H737+R58, Jl. W. R. Supratman, Talang, Kec. Tlk. Betung Utara, Kota Bandar Lampung, Lampung, Indonesia",Kota Bandar Lampung,"Talang, Kecamatan Teluk Betung Utara",,-5.4454517,105.2629595,5.0,1.0,,,,,,,https://www.google.com/maps/search/?api=1&query=gapura%20taman%20dipangga&query_place_id=chij6_gziqdbqc4rczjxnna3tfa,OPERATIONAL,[],apify_google_maps,1,2026-07-13T02:40:49.379Z,2026-07-13T02:40:49.379Z,2026-07-13T13:48:53.813654+00:00,1.0,True,accepted,0.9,['search_keyword:taman wisata'],Kategori 'Taman' disetujui dengan sinyal: search_keyword:taman wisata,can_87a413a66c04,supporting_facility,can_43716e789f7c,canonical_root
can_e645911675c8,AsLan Grind,aslan grind,,other,['other'],"H8J6+5V, Way Gubak, Kec. Sukabumi, Kota Bandar Lampung, Lampung 35244, Indonesia",Kota Bandar Lampung,"Way Gubak, Kecamatan Sukabumi",,-5.4185831,105.3130647,,,,,,,,,https://www.google.com/maps/search/?api=1&query=aslan%20grind&query_place_id=chij36ivbgdbqc4rti9-25zxi6q,OPERATIONAL,['Aktivitas: Mendaki'],apify_google_maps,1,2026-07-13T02:40:50.990Z,2026-07-13T02:40:50.990Z,2026-07-13T13:48:54.606139+00:00,1.0,True,accepted,1.0,['category_accepted'],Kategori utama 'Area Mendaki' disetujui,can_82cfd331e82c,part_of,can_e645911675c8,canonical_root
can_2b57343dd504,Samar Scout Camp,samar scout camp,,park,['park'],"Gg. Bangsa Ratu No.A04, Rajabasa, Kec. Rajabasa, Kota Bandar Lampung, Lampung 35144, Indonesia",Kota Bandar Lampung,"Rajabasa, Kecamatan Rajabasa",,-5.3642106,105.2334981,4.5,174.0,,,,,Senin: 08.00 to 05.00; Selasa: 08.00 to 05.00; Rabu: 08.00 to 05.00; Kamis: 08.00 to 05.00; Jumat: 08.00 to 05.00; Sabtu: 08.00 to 05.00; Minggu: 08.00 to 05.00,+628127940863,http://www.facebook.com/samar.scout,OPERATIONAL,"['Keunggulan: Piknik', 'Fasilitas: Toilet umum', 'Anak-anak: Cocok untuk anak-anak', 'Anak-anak: Taman bermain']",apify_google_maps,1,2026-07-13T02:40:55.832Z,2026-07-13T02:40:55.832Z,2026-07-13T13:48:55.854843+00:00,1.0,True,accepted,0.9,['high_reviews:174'],Kategori 'Taman' disetujui dengan sinyal: high_reviews:174,can_c9f59bac7b84,part_of,can_2b57343dd504,canonical_root
can_5193ed49b2e6,Wisata alam taman pemancingan embung korpri.,alam pemancingan embung korpri,,family,"['nature', 'recreation', 'family', 'park']","Perum korpri, kel blok B6, korprijaya, Kec. Sukarame, Kota Bandar Lampung, Lampung 35131, Indonesia",Kota Bandar Lampung,"korprijaya, Kecamatan Sukarame",,-5.3699114,105.2996089,4.0,1.0,,,,,,,https://www.google.com/maps/search/?api=1&query=wisata%20alam%20taman%20pemancingan%20embung%20korpri.&query_place_id=chijk6u5lwdbqc4ro_8gdo8kyyo,OPERATIONAL,[],apify_google_maps,1,2026-07-13T02:41:00.840Z,2026-07-13T02:41:00.840Z,2026-07-13T13:48:56.607642+00:00,1.0,True,accepted,0.8,['name_accepted_keyword'],Nama mengandung keyword wisata 'wisata',can_b9b9d3d6c98a,part_of,can_5193ed49b2e6,canonical_root
can_0f9e92c32c56,MARTADINATA HILLS,martadinata hills,,hill,"['nature', 'hill']","G6HV+78W, Sukamaju, Kec. Tlk. Betung Bar., Kota Bandar Lampung, Lampung 35231, Indonesia",Kota Bandar Lampung,"Sukamaju, Kecamatan Teluk Betung Barat",,-5.471772,105.2433224,5.0,3.0,,,,,,,https://www.google.com/maps/search/?api=1&query=martadinata%20hills&query_place_id=chijyz0tj3vzqc4rqzwvdgmrlbe,OPERATIONAL,"['Fasilitas: Toilet', 'Anak-anak: Cocok untuk anak-anak']",apify_google_maps,1,2026-07-13T02:41:26.948Z,2026-07-13T02:41:26.948Z,2026-07-13T13:48:58.072132+00:00,1.0,True,accepted,1.0,['category_accepted'],Kategori utama 'Tujuan Wisata' disetujui,can_41fffc1940ee,part_of,can_0f9e92c32c56,canonical_root
can_c6caab8890f5,Embung A Rusa Unila,embung a rusa unila,,agrotourism,"['nature', 'agrotourism', 'recreation']","J6PR+G8W, Gedong Meneng, Kec. Rajabasa, Kota Bandar Lampung, Lampung 35141, Indonesia",Kota Bandar Lampung,"Gedong Meneng, Kecamatan Rajabasa",,-5.3636275,105.240838,4.8,21.0,,,,,,,https://www.google.com/maps/search/?api=1&query=embung%20a%20rusa%20unila&query_place_id=chijx08mz7xfqc4rqszngz7u0de,OPERATIONAL,['Anak-anak: Cocok untuk anak-anak'],apify_google_maps,1,2026-07-13T02:42:01.590Z,2026-07-13T02:42:01.590Z,2026-07-13T13:49:00.637305+00:00,1.0,True,accepted,1.0,['category_accepted'],Kategori utama 'Kebun Binatang' disetujui,can_79d0d0475e76,part_of,can_c6caab8890f5,canonical_root
can_5712ad43b595,"Wisata Panas Bumi, Kawah Keramikan",panas bumi kawah keramikan,,park,['park'],"Q767+79Q, Suka Marga, Kec. Suoh, Kabupaten Lampung Barat, Lampung 34872, Indonesia",Kabupaten Lampung Barat,"Suka Marga, Kecamatan Suoh",,-5.239297,104.263472,4.7,41.0,,,,,Senin: Buka 24 jAM; Selasa: Buka 24 jAM; Rabu: Buka 24 jAM; Kamis: Buka 24 jAM; Jumat: Buka 24 jAM; Sabtu: Buka 24 jAM; Minggu: Buka 24 jAM,+6285783441136,https://www.google.com/maps/search/?api=1&query=wisata%20panas%20bumi%2c%20kawah%20keramikan&query_place_id=chijq8imey2hry4rfbeautiabvy,OPERATIONAL,"['Fasilitas: Toilet umum', 'Anak-anak: Cocok untuk anak-anak']",apify_google_maps,1,2026-07-13T03:53:33.384Z,2026-07-13T03:53:33.384Z,2026-07-13T13:49:07.113748+00:00,1.0,True,accepted,0.8,['name_accepted_keyword'],Nama mengandung keyword wisata 'wisata',can_795db152eaed,part_of,can_5712ad43b595,canonical_root
can_3b6a4446ea0d,"MT Seminung, 1881 Mdpl",mt seminung 1881 mdpl,,other,['other'],"3XQ6+67P, Lombok, Kec. Lumbok Seminung, Kabupaten Lampung Barat, Lampung 34879, Indonesia",Kabupaten Lampung Barat,"Lombok, kecamatan Lumbok Seminung",,-4.9120027,103.9619661,4.8,45.0,,,,,,,https://www.google.com/maps/search/?api=1&query=mt%20seminung%2c%201881%20mdpl&query_place_id=chij0zdpuv91oc4rksuuxipqexk,OPERATIONAL,[],apify_google_maps,1,2026-07-13T03:53:52.820Z,2026-07-13T03:53:52.820Z,2026-07-13T13:49:10.341602+00:00,1.0,True,accepted,1.0,['category_accepted'],Kategori utama 'Tujuan Wisata' disetujui,can_be78d64f081c,part_of,can_3b6a4446ea0d,canonical_root
can_beab0fe49ba2,Puncak gunung seminung,puncak seminung,,mountain,"['nature', 'mountain']","3XQ6+4XX, Gedung Ranau, gunung seminung, Kabupaten Lampung Barat, Sumatera Selatan 34879, Indonesia",Kabupaten Lampung Barat,"Gedung Ranau, gunung seminung",,-4.9121363,103.9624814,4.5,8.0,,,,,,,https://www.google.com/maps/search/?api=1&query=puncak%20gunung%20seminung&query_place_id=chiju-pjk7t1oc4rsj1i3aem2zg,OPERATIONAL,['Aktivitas: Mendaki'],apify_google_maps,1,2026-07-13T03:54:49.718Z,2026-07-13T03:54:49.718Z,2026-07-13T13:49:11.728729+00:00,1.0,True,accepted,1.0,['category_accepted'],Kategori utama 'Area Mendaki' disetujui,can_be78d64f081c,part_of,can_beab0fe49ba2,canonical_root
can_9fc23800cda9,Taman Mangrove Sebalang,mangrove sebalang,,forest,"['nature', 'park', 'forest']","Jln. Lintas sumatera km No.15, Karya Tunggal, Kec. Katibung, Kabupaten Lampung Selatan, Lampung 35452, Indonesia",Kabupaten Lampung Selatan,"Karya Tunggal, Kecamatan Katibung",,-5.5875697,105.3845239,4.1,50.0,,,,,,,https://www.google.com/maps/search/?api=1&query=taman%20mangrove%20sebalang&query_place_id=chija0arvcehqs4r0ugzl8d7whc,OPERATIONAL,"['Fasilitas: Toilet', 'Anak-anak: Cocok untuk anak-anak']",apify_google_maps,1,2026-07-13T03:50:35.934Z,2026-07-13T03:50:35.934Z,2026-07-13T13:49:13.699126+00:00,1.0,True,accepted,1.0,['category_accepted'],Kategori utama 'Tujuan Wisata' disetujui,can_7cec60d5f655,part_of,can_9fc23800cda9,canonical_root
can_631e90619391,Pantai terjun karya tunggal,terjun karya tunggal,,beach,"['nature', 'beach']","9CF9+WMF, Karya Tunggal, Kec. Katibung, Kabupaten Lampung Selatan, Lampung 35452, Indonesia",Kabupaten Lampung Selatan,"Karya Tunggal, Kecamatan Katibung",,-5.6251826,105.4191771,4.7,19.0,,,,,Senin: Buka 24 jAM; Selasa: Buka 24 jAM; Rabu: Buka 24 jAM; Kamis: Buka 24 jAM; Jumat: Buka 24 jAM; Sabtu: Buka 24 jAM; Minggu: Buka 24 jAM,,https://www.google.com/maps/search/?api=1&query=pantai%20terjun%20karya%20tunggal&query_place_id=chij06zay8czqs4rc6dpc0xxibu,OPERATIONAL,[],apify_google_maps,1,2026-07-13T03:50:42.404Z,2026-07-13T03:50:42.404Z,2026-07-13T13:49:13.867980+00:00,1.0,True,accepted,1.0,['category_accepted'],Kategori utama 'Tujuan Wisata' disetujui,can_6bd7535ca2f1,part_of,can_631e90619391,canonical_root
can_363dfc813918,Sebalang Sky,sebalang sky,,other,['other'],"C98J+94X Pantai Sebalang, Karya Tunggal, Kabupaten Lampung Selatan, 35452, Indonesia",Kabupaten Lampung Selatan,Karya Tunggal,,-5.5840147,105.3803521,5.0,6.0,,,,,Senin: 09.00 to 00.00; Selasa: 09.00 to 00.00; Rabu: 09.00 to 00.00; Kamis: 09.00 to 00.00; Jumat: 09.00 to 00.00; Sabtu: Buka 24 jAM; Minggu: Buka 24 jAM,+6288707079703,https://www.google.com/maps/search/?api=1&query=sebalang%20sky&query_place_id=chijkenkteuhqs4rfbybkvyba5k,OPERATIONAL,"['Fasilitas: Toilet', 'Perencanaan: Disarankan untuk mendapatkan tiket terlebih dahulu', 'Anak-anak: Cocok untuk anak-anak']",apify_google_maps,1,2026-07-13T03:50:43.559Z,2026-07-13T03:50:43.559Z,2026-07-13T13:49:13.951522+00:00,1.0,True,accepted,1.0,['category_accepted'],Kategori utama 'Tujuan Wisata' disetujui,can_c250dde9b88a,part_of,can_363dfc813918,canonical_root
can_4d928b33057e,SunShine Sebalang 2,sunshine sebalang 2,,other,['other'],"C98H+XX, Karya Tunggal, Kabupaten Lampung Selatan, Lampung 35452, Indonesia",Kabupaten Lampung Selatan,Karya Tunggal,,-5.5826055,105.3799696,4.0,15.0,,,,,Senin: 12.00 to 00.00; Selasa: 12.00 to 00.00; Rabu: 12.00 to 00.00; Kamis: 12.00 to 00.00; Jumat: 12.00 to 00.00; Sabtu: 12.00 to 05.00; Minggu: 12.00 to 00.00,+6282176755988,https://www.google.com/maps/search/?api=1&query=sunshine%20sebalang%202&query_place_id=chijvygwcxmhqs4rxyy9ktle0ky,OPERATIONAL,"['Fasilitas: Toilet', 'Anak-anak: Cocok untuk anak-anak']",apify_google_maps,1,2026-07-13T03:50:43.559Z,2026-07-13T03:50:43.559Z,2026-07-13T13:49:13.990053+00:00,1.0,True,accepted,1.0,['category_accepted'],Kategori utama 'Tujuan Wisata' disetujui,can_c250dde9b88a,part_of,can_4d928b33057e,canonical_root
can_7b23a3c73c2c,Pantai Pasir Putih Lampung,pasir putih,,beach,"['nature', 'beach']","Rangai Tri Tunggal, Kec. Katibung, Kabupaten Lampung Selatan, Lampung 35452, Indonesia",Kabupaten Lampung Selatan,"Rangai Tri Tunggal, Kecamatan Katibung",,-5.5302939,105.3575563,4.0,2361.0,,,,,,,https://www.google.com/maps/search/?api=1&query=pantai%20pasir%20putih%20lampung&query_place_id=chijn7jb9iegqs4r0dc6l15rkjc,OPERATIONAL,[],apify_google_maps,2,2026-07-13T03:50:50.021Z,2026-07-13T03:50:50.021Z,2026-07-13T13:49:14.229774+00:00,1.0,True,accepted,1.0,['category_accepted'],Kategori utama 'Pantai' disetujui,can_c6ac0baff8ac,part_of,can_7b23a3c73c2c,canonical_root
can_53c59ad465de,Pantai Kedu Kalianda,kedu kalianda,,beach,"['nature', 'beach']","Way Urang, Kec. Kalianda, Kabupaten Lampung Selatan, Lampung 35551, Indonesia",Kabupaten Lampung Selatan,"Way Urang, Kecamatan Kalianda",,-5.722807,105.58097,4.4,755.0,,,,,,,https://www.google.com/maps/search/?api=1&query=pantai%20kedu%20kalianda&query_place_id=chijh0mi6jiqqs4rfjtrjn0kofk,OPERATIONAL,[],apify_google_maps,1,2026-07-13T03:50:56.437Z,2026-07-13T03:50:56.437Z,2026-07-13T13:49:15.688005+00:00,1.0,True,accepted,1.0,['category_accepted'],Kategori utama 'Pantai' disetujui,can_3716276b14a5,part_of,can_53c59ad465de,canonical_root
can_6dd22b39e304,Monumen Titik Nol Sumatera,monumen titik nol sumatera,,history,"['history', 'culture']","4QM2+P4Q, Jl. Syaikh Muhammad Al-Khidhir, Bakauheni, Kec. Bakauheni, Kabupaten Lampung Selatan, Lampung, Indonesia",Kabupaten Lampung Selatan,"Bakauheni, Kecamatan Bakauheni",,-5.8656688,105.7503705,4.4,79.0,,,,,Senin: Buka 24 jAM; Selasa: Buka 24 jAM; Rabu: Buka 24 jAM; Kamis: Buka 24 jAM; Jumat: Buka 24 jAM; Sabtu: Buka 24 jAM; Minggu: Buka 24 jAM,,https://www.google.com/maps/search/?api=1&query=monumen%20titik%20nol%20sumatera&query_place_id=chijr_kx5xz1qs4rr6oagkwbwne,OPERATIONAL,['Anak-anak: Cocok untuk anak-anak'],apify_google_maps,1,2026-07-13T03:51:11.627Z,2026-07-13T03:51:11.627Z,2026-07-13T13:49:17.300671+00:00,1.0,True,accepted,1.0,['category_accepted'],Kategori utama 'Tujuan Wisata' disetujui,can_534777672a30,part_of,can_6dd22b39e304,canonical_root
can_e52b43557beb,wisata WBK (Way Benteng Kedagaan),wbk way benteng kedagaan,,recreation,['recreation'],"kedagaan, Padan, Kec. Penengahan, Kabupaten Lampung Selatan, Lampung 35592, Indonesia",Kabupaten Lampung Selatan,"kedagaan, Padan, Kecamatan Penengahan",,-5.749301,105.6527904,4.0,66.0,,,,,Senin: 07.00 to 17.00; Selasa: 07.00 to 17.00; Rabu: 07.00 to 17.00; Kamis: 07.00 to 17.00; Jumat: 07.00 to 17.00; Sabtu: 07.00 to 17.00; Minggu: 07.00 to 17.00,+6282377166400,https://www.google.com/maps/search/?api=1&query=wisata%20wbk%20(way%20benteng%20kedagaan)&query_place_id=chijv5mf3d8pqs4r7saryfamdbq,OPERATIONAL,"['Fasilitas: Toilet', 'Anak-anak: Cocok untuk anak-anak']",apify_google_maps,1,2026-07-13T03:51:16.435Z,2026-07-13T03:51:16.435Z,2026-07-13T13:49:18.072723+00:00,1.0,True,accepted,1.0,['category_accepted'],Kategori utama 'Tujuan Wisata' disetujui,can_5e24a4081165,part_of,can_e52b43557beb,canonical_root
can_b25f5fa3bd49,Cagar Alam Krakatau,alam krakatau,,nature,['nature'],"Pulau Anak Krakatau, Jl. Z.A. Pagar alam No.1B Rajabasa, Pulau Anak Krakatau, Pulau, Kabupaten Lampung Selatan, Lampung, Indonesia",Kabupaten Lampung Selatan,"Pulau Anak Krakatau, Pulau",,-6.1012057,105.4243209,4.4,521.0,,,,,Senin: 07.30 to 16.00; Selasa: 07.30 to 16.00; Rabu: 07.30 to 16.00; Kamis: 07.30 to 16.00; Jumat: 07.30 to 16.00; Sabtu: Tutup; Minggu: Tutup,,https://www.google.com/maps/search/?api=1&query=cagar%20alam%20krakatau&query_place_id=chij69fea7fgqs4rdwdcrd5vc5o,OPERATIONAL,"['Aktivitas: Mendaki', 'Perencanaan: Disarankan untuk mendapatkan tiket terlebih dahulu']",apify_google_maps,1,2026-07-13T03:51:16.581Z,2026-07-13T03:51:16.581Z,2026-07-13T13:49:18.402494+00:00,1.0,True,accepted,1.0,['category_accepted'],Kategori utama 'Tujuan Wisata' disetujui,can_6d68c986481b,part_of,can_b25f5fa3bd49,canonical_root
can_dff7644b8d21,Gn. Anak Krakatau,gn anak krakatau,,other,['other'],"VCWC+PQ, Pulau Anak Krakatau, Pulau, Kabupaten Lampung Selatan, Lampung, Indonesia",Kabupaten Lampung Selatan,"Pulau Anak Krakatau, Pulau",,-6.1032113,105.4218767,4.1,46.0,,,,,Senin: Buka 24 jAM; Selasa: Buka 24 jAM; Rabu: Buka 24 jAM; Kamis: Buka 24 jAM; Jumat: Buka 24 jAM; Sabtu: Buka 24 jAM; Minggu: Buka 24 jAM,,https://www.google.com/maps/search/?api=1&query=gn.%20anak%20krakatau&query_place_id=chijrstqeiphqs4rwyom69srsam,OPERATIONAL,['Aktivitas: Mendaki'],apify_google_maps,1,2026-07-13T03:51:18.813Z,2026-07-13T03:51:18.813Z,2026-07-13T13:49:18.614356+00:00,1.0,True,accepted,1.0,['category_accepted'],Kategori utama 'Area Mendaki' disetujui,can_bfa7bc1ee8b5,part_of,can_dff7644b8d21,canonical_root
can_6d68c986481b,Gunung Anak Krakatau,anak krakatau,,mountain,"['nature', 'mountain']","VCXG+QM, Pulau Anak Krakatau, Pulau, Kabupaten Lampung Selatan, Lampung, Indonesia",Kabupaten Lampung Selatan,"Pulau Anak Krakatau, Pulau",,-6.1005927,105.4267235,4.3,47.0,,,,,Senin: Buka 24 jAM; Selasa: Buka 24 jAM; Rabu: Buka 24 jAM; Kamis: Buka 24 jAM; Jumat: Buka 24 jAM; Sabtu: Buka 24 jAM; Minggu: Buka 24 jAM,,https://www.google.com/maps/search/?api=1&query=gunung%20anak%20krakatau&query_place_id=chij-rwy5pfhqs4rk1k4ibl9pp8,OPERATIONAL,"['Aktivitas: Mendaki', 'Perencanaan: Disarankan untuk mendapatkan tiket terlebih dahulu']",apify_google_maps,1,2026-07-13T03:51:18.813Z,2026-07-13T03:51:18.813Z,2026-07-13T13:49:18.651748+00:00,1.0,True,accepted,1.0,['category_accepted'],Kategori utama 'Cagar Alam' disetujui,can_b25f5fa3bd49,part_of,can_6d68c986481b,canonical_root
can_ac3d11316a9d,Pantai Indah Belebuk,indah belebuk,,beach,"['nature', 'beach']","Totoharjo, Kec. Bakauheni, Kabupaten Lampung Selatan, Lampung, Indonesia",Kabupaten Lampung Selatan,"Totoharjo, Kecamatan Bakauheni",,-5.8477217,105.6977983,4.7,10.0,,,,,,+628127346655,https://www.google.com/maps/search/?api=1&query=pantai%20indah%20belebuk&query_place_id=chij7ue_2q10qs4repjkut-mwsk,OPERATIONAL,[],apify_google_maps,1,2026-07-13T03:51:43.047Z,2026-07-13T03:51:43.047Z,2026-07-13T13:49:19.852659+00:00,1.0,True,accepted,1.0,['category_accepted'],Kategori utama 'Pantai' disetujui,can_de221c1deff1,part_of,can_ac3d11316a9d,canonical_root
can_e82ded222740,Pantai Ketang Kalianda,ketang kalianda,,beach,"['nature', 'beach']","7HQ9+FFM, Pantai Ketang, Kec. Kalianda, Kabupaten Lampung Selatan, Lampung 35551, Indonesia",Kabupaten Lampung Selatan,"Pantai Ketang, Kecamatan Kalianda",,-5.7112899,105.568669,4.3,22.0,,,,,,,https://www.google.com/maps/search/?api=1&query=pantai%20ketang%20kalianda&query_place_id=chijcwaoecqrqs4rn4spwx5-x_y,OPERATIONAL,"['Fasilitas: Toilet', 'Pembayaran: Hanya tunai', 'Anak-anak: Cocok untuk anak-anak', 'Anak-anak: Taman bermain']",apify_google_maps,1,2026-07-13T03:52:38.470Z,2026-07-13T03:52:38.470Z,2026-07-13T13:49:20.738854+00:00,1.0,True,accepted,1.0,['category_accepted'],Kategori utama 'Tujuan Wisata' disetujui,can_68d3dfe705e8,part_of,can_e82ded222740,canonical_root
can_abfae02b027c,Pantai Minatara 741,minatara 741,,beach,"['nature', 'beach']","5M3W+28, Totoharjo, Kabupaten Lampung Selatan, Lampung, Indonesia",Kabupaten Lampung Selatan,Totoharjo,,-5.847389,105.6957854,4.5,2.0,,,,,Senin: 06.00 to 21.00; Selasa: 06.00 to 21.00; Rabu: 06.00 to 21.00; Kamis: 06.00 to 21.00; Jumat: 06.00 to 21.00; Sabtu: 06.00 to 21.00; Minggu: 06.00 to 21.00,+62741741741,https://www.google.com/maps/search/?api=1&query=pantai%20minatara%20741&query_place_id=chiju-ojn3t1qs4rnbuw3s1l3fa,OPERATIONAL,['Anak-anak: Cocok untuk anak-anak'],apify_google_maps,1,2026-07-13T03:53:44.612Z,2026-07-13T03:53:44.612Z,2026-07-13T13:49:21.037908+00:00,1.0,True,accepted,1.0,['category_accepted'],Kategori utama 'Tujuan Wisata' disetujui,can_e8f931502e27,part_of,can_abfae02b027c,canonical_root
can_d95648a182b0,Pantai Marina Kalianda,marina kalianda,,beach,"['nature', 'beach']","Kec. Kalianda, Kabupaten Lampung Selatan, Lampung 35551, Indonesia",Kabupaten Lampung Selatan,Kecamatan Kalianda,,-5.6818636,105.5156833,4.6,2519.0,,,,,,,https://www.google.com/maps/search/?api=1&query=pantai%20marina%20kalianda&query_place_id=chij76k9gwkaqs4r40swm-sf-wu,OPERATIONAL,"['Keunggulan: Piknik', 'Fasilitas: Meja piknik', 'Fasilitas: Toilet umum', 'Pembayaran: Hanya tunai', 'Anak-anak: Cocok untuk anak-anak', 'Anak-anak: Taman bermain', 'Parkir: Tempat parkir berbayar', 'Parkir: Tempat parkir di lokasi']",apify_google_maps,1,2026-07-13T03:54:02.589Z,2026-07-13T03:54:02.589Z,2026-07-13T13:49:22.389021+00:00,1.0,True,accepted,1.0,['category_accepted'],Kategori utama 'Pantai Umum' disetujui,can_e80584aca368,part_of,can_d95648a182b0,canonical_root
can_2850f83ad341,Kolam Renang Perahu Layar,kolam renang perahu layar,,waterpark,"['waterpark', 'recreation']","Q779+36, Bandar Rejo, Kec. Natar, Kabupaten Lampung Selatan, Lampung 35362, Indonesia",Kabupaten Lampung Selatan,"Bandar Rejo, Kecamatan Natar",,-5.2369546,105.2683799,3.8,12.0,,,,,,,https://www.google.com/maps/search/?api=1&query=kolam%20renang%20perahu%20layar&query_place_id=chiji8rvf9xhqc4rdujzzu-znjk,OPERATIONAL,"['Fasilitas: Toilet', 'Anak-anak: Cocok untuk anak-anak']",apify_google_maps,1,2026-07-13T03:54:03.408Z,2026-07-13T03:54:03.408Z,2026-07-13T13:49:22.520408+00:00,1.0,True,accepted,1.0,['category_accepted'],Kategori utama 'Tujuan Wisata' disetujui,can_30d2b6520479,part_of,can_2850f83ad341,canonical_root
can_e43df823906f,Djayataruna Stable & ATV,djayataruna stable atv,,other,['other'],"M5RW+XQP, Jl. Jaya Taruna, Merak Batin, Kec. Natar, Kabupaten Lampung Selatan, Lampung 35362, Indonesia",Kabupaten Lampung Selatan,"Merak Batin, Kecamatan Natar",,-5.3075331,105.196948,4.4,19.0,,,,,Senin: Buka 24 jAM; Selasa: Buka 24 jAM; Rabu: Buka 24 jAM; Kamis: Buka 24 jAM; Jumat: Buka 24 jAM; Sabtu: Buka 24 jAM; Minggu: Buka 24 jAM,+6285781669340,https://www.google.com/maps/search/?api=1&query=djayataruna%20stable%20%26%20atv&query_place_id=chijzznvzgdpqc4ry7mfcwebkpi,OPERATIONAL,"['Fasilitas: Toilet', 'Anak-anak: Cocok untuk anak-anak']",apify_google_maps,1,2026-07-13T03:54:28.285Z,2026-07-13T03:54:28.285Z,2026-07-13T13:49:24.212567+00:00,1.0,True,accepted,1.0,['category_accepted'],Kategori utama 'Tujuan Wisata' disetujui,can_dc538ff64ed3,part_of,can_e43df823906f,canonical_root
can_110646772b01,Pasir wisata pasir putih,pasir pasir putih,,recreation,"['nature', 'recreation']","F9F3+6PM, Jl. Lintas Sumatera, Rangai Tri Tunggal, Kec. Katibung, Kabupaten Lampung Selatan, Lampung 35452, Indonesia",Kabupaten Lampung Selatan,"Rangai Tri Tunggal, Kecamatan Katibung",,-5.5275261,105.3540614,4.3,563.0,,,,,Senin: Buka 24 jAM; Selasa: Buka 24 jAM; Rabu: Buka 24 jAM; Kamis: Buka 24 jAM; Jumat: Buka 24 jAM; Sabtu: Buka 24 jAM; Minggu: Buka 24 jAM,,https://www.google.com/maps/search/?api=1&query=pasir%20wisata%20pasir%20putih&query_place_id=chijcuroy5ihqs4rmcc39wpb_sy,OPERATIONAL,"['Keunggulan: Piknik', 'Fasilitas: Toilet netral gender', 'Fasilitas: Toilet umum', 'Pembayaran: Hanya tunai', 'Anak-anak: Cocok untuk anak-anak', 'Anak-anak: Cocok untuk ulang tahun anak', 'Anak-anak: Taman bermain', 'Hewan Peliharaan: Anjing boleh masuk']",apify_google_maps,1,2026-07-13T03:54:29.265Z,2026-07-13T03:54:29.265Z,2026-07-13T13:49:24.879094+00:00,1.0,True,accepted,0.8,['name_accepted_keyword'],Nama mengandung keyword wisata 'wisata',can_63c3d022828d,part_of,can_110646772b01,canonical_root
can_c25c7ca7ca7f,Pantai Benteng Kalianda,benteng kalianda,,beach,"['nature', 'beach']","belakang Dr.Eni, Jl. Kusuma Bangsa, Way Urang, Kec. Kalianda, Kabupaten Lampung Selatan, Lampung 35551, Indonesia",Kabupaten Lampung Selatan,"Way Urang, Kecamatan Kalianda",,-5.7295736,105.5869834,4.4,36.0,,,,,Senin: Buka 24 jAM; Selasa: Buka 24 jAM; Rabu: Buka 24 jAM; Kamis: Buka 24 jAM; Jumat: Buka 24 jAM; Sabtu: Buka 24 jAM; Minggu: Buka 24 jAM,+6282164219212,https://www.google.com/maps/search/?api=1&query=pantai%20benteng%20kalianda&query_place_id=chijg3wdztyrqs4rueai4n80v2m,OPERATIONAL,"['Fasilitas: Toilet', 'Fasilitas: Toilet netral gender', 'Anak-anak: Cocok untuk anak-anak', 'Parkir: Tempat parkir berbayar', 'Parkir: Tempat parkir di lokasi']",apify_google_maps,1,2026-07-13T03:55:33.209Z,2026-07-13T03:55:33.209Z,2026-07-13T13:49:27.696440+00:00,1.0,True,accepted,1.0,['category_accepted'],Kategori utama 'Tujuan Wisata' disetujui,can_9d7084dfa301,part_of,can_c25c7ca7ca7f,canonical_root
can_b8a4568c872b,Dermaga Wisata Kunjir,dermaga kunjir,,recreation,['recreation'],"Merak Saka, Kunjir, Kabupaten Lampung Selatan, Lampung 35552, Indonesia",Kabupaten Lampung Selatan,Kunjir,,-5.8356714,105.6447663,5.0,5.0,,,,,Senin: Buka 24 jAM; Selasa: Buka 24 jAM; Rabu: Buka 24 jAM; Kamis: Buka 24 jAM; Jumat: Buka 24 jAM; Sabtu: Buka 24 jAM; Minggu: Buka 24 jAM,+62816279855,https://www.google.com/maps/search/?api=1&query=dermaga%20wisata%20kunjir&query_place_id=chij_9otyeqnqs4rwjdkqjzheju,OPERATIONAL,[],apify_google_maps,1,2026-07-13T03:55:33.253Z,2026-07-13T03:55:33.253Z,2026-07-13T13:49:27.809190+00:00,1.0,True,accepted,0.8,['name_accepted_keyword'],Nama mengandung keyword wisata 'wisata',can_c3575a237855,supporting_facility,can_b8a4568c872b,canonical_root
can_3b7d06cd5ee1,Pantai Kedu Sinar Laut,kedu sinar laut,,beach,"['nature', 'beach']","Kalianda, Kec. Kalianda, Kabupaten Lampung Selatan, Lampung 35551, Indonesia",Kabupaten Lampung Selatan,"Kalianda, Kecamatan Kalianda",,-5.7238139,105.5817964,4.5,123.0,,,,,,,https://www.google.com/maps/search/?api=1&query=pantai%20kedu%20sinar%20laut&query_place_id=chijf-uysjiqqs4rsvuggbzcl2e,OPERATIONAL,[],apify_google_maps,1,2026-07-13T03:55:33.319Z,2026-07-13T03:55:33.319Z,2026-07-13T13:49:28.007084+00:00,1.0,True,accepted,1.0,['category_accepted'],Kategori utama 'Pantai' disetujui,can_3716276b14a5,part_of,can_3b7d06cd5ee1,canonical_root
can_eecfae47bddc,BakPao Muli Pantai Rio by The Beach,bakpao muli rio by the,,beach,"['nature', 'beach']","Rio by the Beach, Bulok, Kec. Kalianda, Kabupaten Lampung Selatan, Lampung 35551, Indonesia",Kabupaten Lampung Selatan,"Bulok, Kecamatan Kalianda",,-5.67301,105.5070002,4.6,16.0,,,,,Senin: 09.00 to 19.00; Selasa: 09.00 to 19.00; Rabu: 09.00 to 19.00; Kamis: 09.00 to 19.00; Jumat: 09.00 to 19.00; Sabtu: 08.00 to 19.00; Minggu: 08.00 to 19.00,,https://www.instagram.com/bakpao_muli?igsh=zxzzb3c0axb3mmvh,OPERATIONAL,"['Fasilitas: Toilet', 'Anak-anak: Cocok untuk anak-anak']",apify_google_maps,1,2026-07-13T03:55:34.753Z,2026-07-13T03:55:34.753Z,2026-07-13T13:49:28.379337+00:00,1.0,True,accepted,1.0,['category_accepted'],Kategori utama 'Tujuan Wisata' disetujui,can_a0ef9a9c67ce,part_of,can_eecfae47bddc,canonical_root
can_ae63334a6307,Warung ARA PANTAI SEBALANG TARAHAN,warung ara sebalang tarahan,,beach,"['nature', 'beach']","C9JG+R9H, Jl. Patih Canggih, Kec. Katibung, Kabupaten Lampung Selatan, Lampung 35452, Indonesia",Kabupaten Lampung Selatan,Kecamatan Katibung,,-5.5679378,105.3759881,4.0,5.0,,,,,Senin: 08.00 to 23.00; Selasa: 08.00 to 23.00; Rabu: 08.00 to 23.00; Kamis: 08.00 to 23.00; Jumat: 08.00 to 23.00; Sabtu: 08.00 to 23.00; Minggu: 08.00 to 23.00,,https://www.google.com/maps/search/?api=1&query=warung%20ara%20pantai%20sebalang%20tarahan&query_place_id=chij1dzhhmohqs4rvd-esb5apy4,OPERATIONAL,['Anak-anak: Cocok untuk anak-anak'],apify_google_maps,1,2026-07-13T03:55:42.077Z,2026-07-13T03:55:42.077Z,2026-07-13T13:49:28.809140+00:00,1.0,True,accepted,1.0,['category_accepted'],Kategori utama 'Tujuan Wisata' disetujui,can_d44f6100d607,part_of,can_ae63334a6307,canonical_root
can_33e649f92e8d,Tanjung BEO Wanawisata Nirwana Resort,tanjung beo wanawisata nirwana resort,,beach,"['nature', 'beach']","8GJQ+WJ5, Merak Belantung, Kec. Kalianda, Kabupaten Lampung Selatan, Lampung 35551, Indonesia",Kabupaten Lampung Selatan,"Merak Belantung, Kecamatan Kalianda",,-5.6677259,105.5391164,3.7,11.0,,,,,,+628117997888,https://www.google.com/maps/search/?api=1&query=tanjung%20beo%20wanawisata%20nirwana%20resort&query_place_id=chijrrrd82yaqs4rvsaao9dy-ko,OPERATIONAL,['Anak-anak: Cocok untuk anak-anak'],apify_google_maps,1,2026-07-13T03:55:43.243Z,2026-07-13T03:55:43.243Z,2026-07-13T13:49:28.914624+00:00,1.0,True,accepted,1.0,['category_accepted'],Kategori utama 'Pantai Umum' disetujui,can_b7f1341dc122,part_of,can_33e649f92e8d,canonical_root
can_68a802be4d0d,Pantai Laguna Helau,laguna helau,,beach,"['nature', 'beach']","8H24+FMR, Way Urang, Kec. Kalianda, Kabupaten Lampung Selatan, Lampung 35551, Indonesia",Kabupaten Lampung Selatan,"Way Urang, Kecamatan Kalianda",,-5.6987636,105.5566472,4.6,5.0,,,,,,,https://www.google.com/maps/search/?api=1&query=pantai%20laguna%20helau&query_place_id=chijkrckyckrqs4re4vx_2s7cua,OPERATIONAL,"['Fasilitas: Toilet', 'Anak-anak: Cocok untuk anak-anak']",apify_google_maps,1,2026-07-13T03:55:44.778Z,2026-07-13T03:55:44.778Z,2026-07-13T13:49:29.057802+00:00,1.0,True,accepted,1.0,['category_accepted'],Kategori utama 'Tujuan Wisata' disetujui,can_56598be8a2ca,part_of,can_68a802be4d0d,canonical_root
can_cf9c95841bf6,Pantai Balam Kerbang Dalam,balam kerbang dalam,,beach,"['nature', 'beach']","XQ9J+CP9, Kerbang Dalam, Kec. Pesisir Utara, Kabupaten Pesisir Barat, Lampung, Indonesia",Kabupaten Pesisir Barat,"Kerbang Dalam, Kecamatan Pesisir Utara",,-5.0314677,103.7818638,4.9,13.0,,,,,Senin: Buka 24 jAM; Selasa: Buka 24 jAM; Rabu: Buka 24 jAM; Kamis: Buka 24 jAM; Jumat: Buka 24 jAM; Sabtu: Buka 24 jAM; Minggu: Buka 24 jAM,+6281334386721,https://www.google.com/maps/search/?api=1&query=pantai%20balam%20kerbang%20dalam&query_place_id=chijuzlejwdxry4r6zo5v6-69te,OPERATIONAL,['Anak-anak: Cocok untuk anak-anak'],apify_google_maps,1,2026-07-13T03:51:30.662Z,2026-07-13T03:51:30.662Z,2026-07-13T13:49:32.313219+00:00,1.0,True,accepted,1.0,['category_accepted'],Kategori utama 'Tujuan Wisata' disetujui,can_bfea5fe7cac4,part_of,can_cf9c95841bf6,canonical_root
can_e26bf337eee0,labuhan agung bangun jaya rumput hijau,labuhan agung bangun jaya rumput hijau,,beach,"['nature', 'beach']","Marang, Kec. Pesisir Sel., Kabupaten Lampung Barat, Lampung, Indonesia",Kabupaten Lampung Barat,"Marang, Kecamatan Pesisir Selatan",,-5.4051992,104.0697839,4.9,10.0,,,,,,,http://labuhanagung.com,OPERATIONAL,[],apify_google_maps,1,2026-07-13T03:51:56.868Z,2026-07-13T03:51:56.868Z,2026-07-13T13:49:33.584774+00:00,1.0,True,accepted,1.0,['category_accepted'],Kategori utama 'Pantai' disetujui,can_c2fa19ba436f,part_of,can_e26bf337eee0,canonical_root
can_d8894e848e90,Pantai Mandiri Sejati,mandiri sejati,,beach,"['nature', 'beach']","Kabupaten Pesisir Barat, Lampung, Indonesia",Kabupaten Pesisir Barat,,,-5.248712,103.965508,4.6,81.0,,,,,,,https://www.google.com/maps/search/?api=1&query=pantai%20mandiri%20sejati&query_place_id=chijcuyyydo-ry4rskhbkfqcjle,OPERATIONAL,[],apify_google_maps,1,2026-07-13T03:53:01.582Z,2026-07-13T03:53:01.582Z,2026-07-13T13:49:35.879860+00:00,1.0,True,accepted,1.0,['category_accepted'],Kategori utama 'Pantai' disetujui,can_139781e52b1f,part_of,can_d8894e848e90,canonical_root
can_c59969238f48,Taman Wisata Mangrove Pandan Alas,mangrove pandan alas,,forest,"['nature', 'park', 'forest']","MRMC+8MW, Unnamed Road, Sri Minosari, Kec. Labuhan Maringgai, Kabupaten Lampung Timur, Lampung 34198, Indonesia",Kabupaten Lampung Timur,"Sri Minosari, Kecamatan Labuhan Maringgai",,-5.3166449,105.8216918,4.1,35.0,,,,,Senin: 08.00 to 18.00; Selasa: 08.00 to 18.00; Rabu: 08.00 to 18.00; Kamis: 08.00 to 18.00; Jumat: 08.00 to 18.00; Sabtu: 08.00 to 18.00; Minggu: 08.00 to 18.00,,https://www.google.com/maps/search/?api=1&query=taman%20wisata%20mangrove%20pandan%20alas&query_place_id=chij4b2fqb5zqc4rqwndhdlj9xu,OPERATIONAL,"['Fasilitas: Toilet umum', 'Anak-anak: Cocok untuk anak-anak']",apify_google_maps,1,2026-07-13T04:20:03.423Z,2026-07-13T04:20:03.423Z,2026-07-13T13:49:51.677561+00:00,1.0,True,accepted,0.9,"['name_keyword:wisata', 'high_reviews:35']","Kategori 'Taman' disetujui dengan sinyal: name_keyword:wisata, high_reviews:35",can_3e737279ab2c,part_of,can_c59969238f48,canonical_root
can_5869f7f81c00,Danau Way Jepara,way jepara,,lake,"['nature', 'lake']","Jalan Simpang Danau, Sumberjo, Kec. Way Jepara, Kabupaten Lampung Timur, Lampung 34396, Indonesia",Kabupaten Lampung Timur,"Sumberjo, Kecamatan Way Jepara",,-5.2029426,105.6640737,4.4,120.0,,,,,Senin: Buka 24 jAM; Selasa: Buka 24 jAM; Rabu: Buka 24 jAM; Kamis: Buka 24 jAM; Jumat: Buka 24 jAM; Sabtu: Buka 24 jAM; Minggu: Buka 24 jAM,,https://www.google.com/maps/search/?api=1&query=danau%20way%20jepara&query_place_id=chij69xo10jzqc4ry3er-m9cbks,OPERATIONAL,['Anak-anak: Cocok untuk anak-anak'],apify_google_maps,1,2026-07-13T04:20:35.403Z,2026-07-13T04:20:35.403Z,2026-07-13T13:49:55.001227+00:00,1.0,True,accepted,1.0,['category_accepted'],Kategori utama 'Tujuan Wisata' disetujui,can_bea705a2cf91,part_of,can_5869f7f81c00,canonical_root
can_6d39e3e307e9,Kantor P.U. IRIGASI Way Curup,kantor p u irigasi way,,waterfall,"['nature', 'park', 'waterfall']","PP9R+9Q2, Mataram Baru, Kec. Mataram Baru, Kabupaten Lampung Timur, Lampung 34389, Indonesia",Kabupaten Lampung Timur,"Mataram Baru, Kecamatan Mataram Baru",,-5.2816197,105.7419055,4.0,41.0,,,,,,,https://www.google.com/maps/search/?api=1&query=kantor%20p.u.%20irigasi%20way%20curup&query_place_id=chijzz8wfxv2qc4rfkl8dtkqigk,OPERATIONAL,['Anak-anak: Cocok untuk anak-anak'],apify_google_maps,1,2026-07-13T04:20:36.542Z,2026-07-13T04:20:36.542Z,2026-07-13T13:49:56.732031+00:00,1.0,True,accepted,0.9,['high_reviews:41'],Kategori 'Taman' disetujui dengan sinyal: high_reviews:41,can_7311deaa92f6,supporting_facility,can_6d39e3e307e9,canonical_root
can_8921e9265487,Kali Jodoh Embung Nibung,kali jodoh embung nibung,,other,['other'],"HQWC+X62, Nibung, Kec. Gn. Pelindung, Kabupaten Lampung Timur, Lampung 34388, Indonesia",Kabupaten Lampung Timur,"Nibung, Kecamatan Gunung Pelindung",,-5.402616,105.770514,4.1,35.0,,,,,Senin: 08.00 to 00.00; Selasa: 08.00 to 00.00; Rabu: 08.00 to 00.00; Kamis: 08.00 to 00.00; Jumat: 08.00 to 00.00; Sabtu: 08.00 to 00.00; Minggu: 08.00 to 00.00,+6281274635882,https://www.google.com/maps/search/?api=1&query=kali%20jodoh%20embung%20nibung&query_place_id=chijvz1rust5qc4rz1gyh44t0iq,OPERATIONAL,['Anak-anak: Cocok untuk anak-anak'],apify_google_maps,1,2026-07-13T04:20:39.336Z,2026-07-13T04:20:39.336Z,2026-07-13T13:49:57.277968+00:00,1.0,True,accepted,1.0,['category_accepted'],Kategori utama 'Tujuan Wisata' disetujui,can_ae86a09bf6c7,part_of,can_8921e9265487,canonical_root
can_31059bd822d1,Ekowisata Sekar Bahari Mangrove,ekowisata sekar bahari mangrove,,forest,"['nature', 'forest']","PVP5+CVP, Margasari, Kec. Labuhan Maringgai, Kabupaten Lampung Timur, Lampung, Indonesia",Kabupaten Lampung Timur,"Margasari, Kecamatan Labuhan Maringgai",,-5.2639049,105.8596947,5.0,1.0,,,,,,,https://www.google.com/maps/search/?api=1&query=ekowisata%20sekar%20bahari%20mangrove&query_place_id=chijs8ne7_1fqc4revfptyulk4o,OPERATIONAL,['Anak-anak: Cocok untuk anak-anak'],apify_google_maps,1,2026-07-13T04:20:42.930Z,2026-07-13T04:20:42.930Z,2026-07-13T13:49:57.543567+00:00,1.0,True,accepted,1.0,['category_accepted'],Kategori utama 'Tujuan Wisata' disetujui,can_4d2642700662,part_of,can_31059bd822d1,canonical_root
can_b7ed6990479b,Lapangan BRAJAHARJOSARI,lapangan brajaharjosari,,park,['park'],"RQ29+M25, Braja Harjosari, Kec. Braja Slebah, Kabupaten Lampung Timur, Lampung 34196, Indonesia",Kabupaten Lampung Timur,"Braja Harjosari, Kecamatan Braja Slebah",,-5.1983745,105.7676171,4.4,129.0,,,,,Senin: Buka 24 jAM; Selasa: Buka 24 jAM; Rabu: Buka 24 jAM; Kamis: Buka 24 jAM; Jumat: Buka 24 jAM; Sabtu: Buka 24 jAM; Minggu: Buka 24 jAM,,https://www.google.com/maps/search/?api=1&query=lapangan%20brajaharjosari&query_place_id=chijb5j0yu71qc4riftaos8xiwi,OPERATIONAL,"['Fasilitas: Ayunan', 'Anak-anak: Cocok untuk anak-anak', 'Anak-anak: Taman bermain', 'Hewan Peliharaan: Anjing boleh masuk']",apify_google_maps,1,2026-07-13T04:21:06.648Z,2026-07-13T04:21:06.648Z,2026-07-13T13:50:04.802658+00:00,1.0,True,accepted,1.0,['category_accepted'],Kategori utama 'Tujuan Wisata' disetujui,can_746a69c0a77e,part_of,can_b7ed6990479b,canonical_root
can_2a97b8804881,EMBUNG ALBARET,embung albaret,,other,['other'],"X7R3+6G5, Simpang Pematang, Kec. Simpang Pematang, Kabupaten Mesuji, Lampung 34698, Indonesia",Kabupaten Mesuji,"Simpang Pematang, Kecamatan Simpang Pematang",,-4.0094869,105.2538692,4.0,2.0,,,,,,,https://www.google.com/maps/search/?api=1&query=embung%20albaret&query_place_id=chij_7wdmovfpi4r7xeugc5tsfu,OPERATIONAL,['Anak-anak: Cocok untuk anak-anak'],apify_google_maps,1,2026-07-13T07:30:22.446Z,2026-07-13T07:30:22.446Z,2026-07-13T13:50:43.739007+00:00,1.0,True,accepted,1.0,['category_accepted'],Kategori utama 'Tujuan Wisata' disetujui,can_39ef5ffc0bc2,part_of,can_2a97b8804881,canonical_root
can_2cfc7986fdba,Gedung Serba Guna Taman Kehati,gedung serba guna kehati,,park,['park'],"28WF+WMC, Mekar Sari, Kec. Tj. Raya, Kabupaten Mesuji, Lampung 34698, Indonesia",Kabupaten Mesuji,"Mekar Sari, Kecamatan Tanjung Raya",,-3.9526807,105.3241307,3.9,25.0,,,,,Senin: Buka 24 jAM; Selasa: Buka 24 jAM; Rabu: Buka 24 jAM; Kamis: Buka 24 jAM; Jumat: Buka 24 jAM; Sabtu: Buka 24 jAM; Minggu: Buka 24 jAM,,https://www.google.com/maps/search/?api=1&query=gedung%20serba%20guna%20taman%20kehati&query_place_id=chijguxig8_api4rrtdv2dtnvc8,OPERATIONAL,['Fasilitas: Toilet'],apify_google_maps,1,2026-07-13T07:30:40.363Z,2026-07-13T07:30:40.363Z,2026-07-13T13:50:45.946848+00:00,1.0,True,accepted,0.8,['name_accepted_keyword'],Nama mengandung keyword wisata 'taman',can_f4b9129a04b5,part_of,can_2cfc7986fdba,canonical_root
can_689a164199ec,Taman edukasi dunia mini metro,edukasi dunia mini metro,,education,"['park', 'education']","Jl. Jendral Sudirman jalur 2, Ganjaragung, Kec. Metro Bar., Kota Metro, Lampung 24111, Indonesia",Kota Metro,"Ganjaragung, Kecamatan Metro Barat",,-5.1263074,105.2863211,3.7,24.0,,,,,Senin: 08.00 to 17.00; Selasa: 08.00 to 17.00; Rabu: 08.00 to 17.00; Kamis: 08.00 to 17.00; Jumat: 08.00 to 17.00; Sabtu: 08.00 to 17.00; Minggu: 08.00 to 17.00,+6285369027698,https://www.google.com/maps/search/?api=1&query=taman%20edukasi%20dunia%20mini%20metro&query_place_id=chiji-30f6a5qc4rakb7uxqvouw,OPERATIONAL,[],apify_google_maps,1,2026-07-13T06:59:54.149Z,2026-07-13T06:59:54.149Z,2026-07-13T13:50:49.375894+00:00,1.0,True,accepted,1.0,['category_accepted'],Kategori utama 'Tujuan Wisata' disetujui,can_cd108a904cdb,part_of,can_689a164199ec,canonical_root
can_df0c4df376ae,Kolam renang palem indah,kolam renang palem indah,,waterpark,"['waterpark', 'recreation', 'park']","Ganjarasri, Kec. Metro Bar., Kota Metro, Lampung 34121, Indonesia",Kota Metro,"Ganjarasri, Kecamatan Metro Barat",,-5.12546,105.286847,4.3,55.0,,,,,Senin: 08.00 to 05.00; Selasa: 08.00 to 05.00; Rabu: 08.00 to 05.00; Kamis: 08.00 to 05.00; Jumat: 08.00 to 05.00; Sabtu: 08.00 to 05.00; Minggu: 08.00 to 05.00,+628117861619,https://www.google.com/maps/search/?api=1&query=kolam%20renang%20palem%20indah&query_place_id=chijr34mdn-5qc4rsxuflzjmp3a,OPERATIONAL,"['Aksesibilitas: Toilet khusus pengguna kursi roda', 'Penawaran: Makanan', 'Fasilitas: Restoran', 'Fasilitas: Toilet', 'Anak-anak: Cocok untuk anak-anak', 'Anak-anak: Taman bermain']",apify_google_maps,1,2026-07-13T07:00:22.564Z,2026-07-13T07:00:22.564Z,2026-07-13T13:50:51.334981+00:00,1.0,True,accepted,1.0,['category_accepted'],Kategori utama 'Taman Rekreasi Air' disetujui,can_cfa6ea69476b,part_of,can_df0c4df376ae,canonical_root
can_06ea93392bfd,Taman berwarna pingled 2 satoe,berwarna pingled 2 satoe,,park,['park'],"V8RH+M92, Yosodadi, Kec. Metro Tim., Kota Metro, Lampung 34381, Indonesia",Kota Metro,"Yosodadi, Kecamatan Metro Timur",,-5.108366,105.328392,5.0,1.0,,,,,,,https://www.google.com/maps/search/?api=1&query=taman%20berwarna%20pingled%202%20satoe&query_place_id=chijg3zg0we9qc4r5m1ubvc5ifm,OPERATIONAL,['Anak-anak: Cocok untuk anak-anak'],apify_google_maps,1,2026-07-13T07:03:31.945Z,2026-07-13T07:03:31.945Z,2026-07-13T13:50:56.562868+00:00,1.0,True,accepted,0.9,['search_keyword:wisata keluarga'],Kategori 'Taman' disetujui dengan sinyal: search_keyword:wisata keluarga,can_11181c5bec13,part_of,can_06ea93392bfd,canonical_root
can_48e8da567c22,Pesona Ratu Banyu,pesona ratu banyu,,other,['other'],"Bumi Ratu, Kec. Pagelaran, Kabupaten Pringsewu, Lampung 35376, Indonesia",Kabupaten Pringsewu,"Bumi Ratu, Kecamatan Pagelaran",,-5.345198,104.9172603,4.7,42.0,,,,,Senin: 08.30 to 21.00; Selasa: 08.30 to 21.00; Rabu: 08.30 to 21.00; Kamis: 08.30 to 21.00; Jumat: 08.30 to 21.00; Sabtu: 08.30 to 22.00; Minggu: 08.30 to 22.00,+6282185491433,https://www.google.com/maps/search/?api=1&query=pesona%20ratu%20banyu&query_place_id=chij_ztplqyxry4rxl-zeswi6zy,OPERATIONAL,"['Opsi layanan: Layanan di tempat', 'Fasilitas: Toilet', 'Anak-anak: Cocok untuk anak-anak', 'Anak-anak: Diskon untuk anak-anak', 'Parkir: Tempat parkir di lokasi', 'Parkir: Tempat parkir gratis']",apify_google_maps,1,2026-07-13T07:00:46.315Z,2026-07-13T07:00:46.315Z,2026-07-13T13:51:04.697323+00:00,1.0,True,accepted,1.0,['category_accepted'],Kategori utama 'Tujuan Wisata' disetujui,can_5c2c92dbe9b9,part_of,can_48e8da567c22,canonical_root
can_a673a677b7a1,Wisata Ndoro Putri (view jembatan way sekampung),ndoro putri view jembatan way sekampung,,recreation,['recreation'],"MV4M+4MQ, Fajar Baru, Kec. Pagelaran, Kabupaten Pringsewu, Lampung 35376, Indonesia",Kabupaten Pringsewu,"Fajar Baru, Kecamatan Pagelaran",,-5.3446739,104.8842353,4.3,69.0,,,,,Senin: 09.00 to 18.00; Selasa: 09.00 to 18.00; Rabu: 09.00 to 18.00; Kamis: 09.00 to 18.00; Jumat: 09.00 to 18.00; Sabtu: 09.00 to 18.00; Minggu: 09.00 to 18.00,+6285367651445,https://www.google.com/maps/search/?api=1&query=wisata%20ndoro%20putri%20(view%20jembatan%20way%20sekampung)&query_place_id=chijx0ioqgoxry4rptggdx3zcui,OPERATIONAL,"['Fasilitas: Toilet', 'Anak-anak: Cocok untuk anak-anak', 'Anak-anak: Cocok untuk ulang tahun anak']",apify_google_maps,1,2026-07-13T07:00:46.315Z,2026-07-13T07:00:46.315Z,2026-07-13T13:51:04.762303+00:00,1.0,True,accepted,1.0,['category_accepted'],Kategori utama 'Tujuan Wisata' disetujui,can_f014b5408a50,part_of,can_a673a677b7a1,canonical_root
can_edff65c055dc,Pelangi Alam Mesir,pelangi alam mesir,,nature,['nature'],"Aji Mesir, Kec. Gedung Aji, Kab. Tulang Bawang, Lampung 34596, Indonesia",Kabupaten Tulang Bawang,"Aji Mesir, Kecamatan Gedung Aji",,-4.2264203,105.5960768,4.8,24.0,,,,,Senin: Tutup; Selasa: 09.00 to 18.00; Rabu: 09.00 to 18.00; Kamis: Tutup; Jumat: 09.00 to 18.00; Sabtu: 09.00 to 18.00; Minggu: Tutup,,https://www.google.com/maps/search/?api=1&query=pelangi%20alam%20mesir&query_place_id=chijpyfwksn9pi4rqa1ll4utiy8,OPERATIONAL,"['Fasilitas: Toilet', 'Anak-anak: Cocok untuk anak-anak']",apify_google_maps,1,2026-07-13T07:08:04.951Z,2026-07-13T07:08:04.951Z,2026-07-13T13:51:16.493691+00:00,1.0,True,accepted,1.0,['category_accepted'],Kategori utama 'Tujuan Wisata' disetujui,can_b975245d3832,part_of,can_edff65c055dc,canonical_root
can_891c985abb1b,Kebun Melon KWT sumber Makmur,melon kwt sumber makmur,,agrotourism,"['nature', 'agrotourism']","935P+QP, Daya Murni, Kec. Tumi Jajar, Kab. Tulang Bawang Barat, Lampung 34691, Indonesia",Kabupaten Tulang Bawang Barat,"Daya Murni, Kecamatan Tumi Jajar",,-4.6405625,105.0868125,4.5,2.0,,,,,,,https://www.google.com/maps/search/?api=1&query=kebun%20melon%20kwt%20sumber%20makmur&query_place_id=chij82enjablpy4rw0bcj4bbkqw,OPERATIONAL,['Anak-anak: Cocok untuk anak-anak'],apify_google_maps,1,2026-07-13T07:08:47.317Z,2026-07-13T07:08:47.317Z,2026-07-13T13:51:30.150510+00:00,1.0,True,accepted,1.0,['category_accepted'],Kategori utama 'Tujuan Wisata' disetujui,can_39dcfc86c2fd,part_of,can_891c985abb1b,canonical_root
can_cabfc09155d2,TUGU RUSA UNIT 6,tugu rusa unit 6,,museum,"['museum', 'culture']","M585+MFC, Kibang Budi Jaya, Kec. Lambu Kibang, Kab. Tulang Bawang Barat, Lampung 34683, Indonesia",Kabupaten Tulang Bawang Barat,"Kibang Budi Jaya, Kecamatan Lambu Kibang",,-4.3333155,105.1586501,4.3,8.0,,,,,,+6281379278873,https://www.google.com/maps/search/?api=1&query=tugu%20rusa%20unit%206&query_place_id=chij7vbjj9yvpy4rd_lzbryjrdk,OPERATIONAL,['Anak-anak: Cocok untuk anak-anak'],apify_google_maps,1,2026-07-13T07:09:18.790Z,2026-07-13T07:09:18.790Z,2026-07-13T13:51:34.722734+00:00,1.0,True,accepted,1.0,['category_accepted'],Kategori utama 'Museum' disetujui,can_28e41c1b5897,part_of,can_cabfc09155d2,canonical_root
can_4a5cf4f3339c,Tugu Pahlawan,tugu pahlawan,,park,"['park', 'culture']",,Kota Bandar Lampung,,,-5.4087421,105.2575202,,,,,,,,,https://www.openstreetmap.org/node/3874002169,OPERATIONAL,[],osm,2,2026-07-13T02:56:07.922717+00:00,2026-07-13T02:56:07.922885+00:00,2026-07-13T13:51:39.507929+00:00,1.0,True,manual_review,0.5,[],Kategori 'Leisure=Park' tidak terklasifikasi secara otomatis,can_180f5d4c7bb2,part_of,can_4a5cf4f3339c,canonical_root
can_03603652006f,Satwa Wahana & Wisata Bumi Kedaton,satwa wahana bumi kedaton,,park,['park'],,Kota Bandar Lampung,,,-5.4352177,105.2263341,,,,,,,,,https://www.openstreetmap.org/node/3952996062,OPERATIONAL,[],osm,1,2026-07-13T02:56:07.922743+00:00,2026-07-13T02:56:07.922743+00:00,2026-07-13T13:51:39.639845+00:00,1.0,True,accepted,0.8,['name_accepted_keyword'],Nama mengandung keyword wisata 'wisata',can_6aedd164b6b5,part_of,can_03603652006f,canonical_root
can_ee1c75c0a078,PKOR Way Halim,pkor way halim,,park,['park'],,Kota Bandar Lampung,,,-5.3787988,105.2794004,,,,,,,,,https://www.openstreetmap.org/way/564005420,OPERATIONAL,[],osm,2,2026-07-13T02:56:07.922916+00:00,2026-07-13T02:56:07.922981+00:00,2026-07-13T13:51:41.129209+00:00,1.0,True,manual_review,0.5,[],Kategori 'Leisure=Park' tidak terklasifikasi secara otomatis,can_848c45c323a1,part_of,can_ee1c75c0a078,canonical_root
can_bbf3ef2c7be3,Water Park Rizky,water rizky,,waterpark,"['waterpark', 'recreation', 'park']",,Kabupaten Way Kanan,,,-4.7488957,104.5409145,,,,,,,,,https://www.openstreetmap.org/node/7973249386,OPERATIONAL,[],osm,1,2026-07-13T02:56:08.046948+00:00,2026-07-13T02:56:08.046948+00:00,2026-07-13T13:51:58.533498+00:00,1.0,True,manual_review,0.5,[],Kategori 'Leisure=Water Park' tidak terklasifikasi secara otomatis,can_27a65e87e2b7,part_of,can_bbf3ef2c7be3,canonical_root
can_4fa7793ec801,Taman megalitik batu bedil,megalitik batu bedil,,park,['park'],"MPQ2+Q5M, Jalan, Batu Bedil, Kec. Pulau Panggung, Kabupaten Tanggamus, Lampung 35679, Indonesia",Kabupaten Tanggamus,"Batu Bedil, Kecamatan Pulau Panggung",,-5.310534,104.7004171,4.7,13.0,,,,,,,https://www.google.com/maps/search/?api=1&query=taman%20megalitik%20batu%20bedil&query_place_id=chijmaa9p889ry4riehfgvlhmnu,OPERATIONAL,['Anak-anak: Cocok untuk anak-anak'],apify_google_maps,1,2026-07-13T03:21:16.129Z,2026-07-13T03:21:16.129Z,2026-07-13T13:48:46.277512+00:00,1.0,True,manual_review,0.5,[],Kategori 'Taman' tanpa sinyal wisata khusus,can_dbfa9bbd2810,part_of,can_4fa7793ec801,canonical_root
can_70c8105f3696,Camping Ground GIGI HIU by BAGASFEKA,gigi hiu by bagasfeka,,camping,"['nature', 'camping', 'culture', 'history']","Negeri Kelumbayan, Kec. Kelumbayan, Kabupaten Tanggamus, Lampung, Indonesia",Kabupaten Tanggamus,"Negeri Kelumbayan, Kecamatan Kelumbayan",,-5.7556579,105.0581172,4.7,9.0,,,,,Senin: Buka 24 jAM; Selasa: Buka 24 jAM; Rabu: Buka 24 jAM; Kamis: Buka 24 jAM; Jumat: Tutup; Sabtu: Tutup; Minggu: Tutup,+6285809439074,https://www.google.com/maps/search/?api=1&query=camping%20ground%20gigi%20hiu%20by%20bagasfeka&query_place_id=chijgxgja7czqs4rgsu_oa4dw-a,OPERATIONAL,['Anak-anak: Cocok untuk anak-anak'],apify_google_maps,1,2026-07-13T03:21:27.357Z,2026-07-13T03:21:27.357Z,2026-07-13T13:48:46.479945+00:00,1.0,True,manual_review,0.5,[],Kategori 'Bangunan Bersejarah' tidak terklasifikasi secara otomatis,can_dc57e98557d5,part_of,can_70c8105f3696,canonical_root
can_14c900e8c664,Gn. Kunyit,gn kunyit,,mountain,"['nature', 'mountain']","Bumi Waras, Kec. Bumi Waras, Kota Bandar Lampung, Lampung, Indonesia",Kota Bandar Lampung,"Bumi Waras, Kecamatan Bumi Waras",,-5.4461111,105.2797222,4.2,72.0,,,,,,,https://www.google.com/maps/search/?api=1&query=gn.%20kunyit&query_place_id=chijp3hbqdjbqc4rl17laa9_p48,OPERATIONAL,[],apify_google_maps,1,2026-07-13T02:40:37.182Z,2026-07-13T02:40:37.182Z,2026-07-13T13:48:52.590000+00:00,1.0,True,manual_review,0.5,[],Kategori 'Puncak Gunung' tidak terklasifikasi secara otomatis,can_fc698f849773,part_of,can_14c900e8c664,canonical_root
can_87ba85ff7efc,Gn. Balau,gn balau,,mountain,"['nature', 'mountain']","Way Gubak, Kec. Panjang, Kota Bandar Lampung, Lampung, Indonesia",Kota Bandar Lampung,"Way Gubak, Kecamatan Panjang",,-5.4230556,105.3127778,4.5,129.0,,,,,,,https://www.google.com/maps/search/?api=1&query=gn.%20balau&query_place_id=chij53pjd4rbqc4rjl3i8ncw0n4,OPERATIONAL,[],apify_google_maps,1,2026-07-13T02:40:37.182Z,2026-07-13T02:40:37.182Z,2026-07-13T13:48:52.708243+00:00,1.0,True,manual_review,0.5,[],Kategori 'Puncak Gunung' tidak terklasifikasi secara otomatis,can_97dfda6d201f,part_of,can_87ba85ff7efc,canonical_root
can_153a48484213,Gedung Sumpah Pemuda (PKOR),gedung sumpah pemuda pkor,,other,['other'],"J7CH+H7C, Perumnas Way Halim, Kec. Way Halim, Kota Bandar Lampung, Lampung 35132, Indonesia",Kota Bandar Lampung,"Perumnas Way Halim, Kecamatan Way Halim",,-5.3785581,105.2781321,4.4,452.0,,,,,,,https://www.google.com/maps/search/?api=1&query=gedung%20sumpah%20pemuda%20(pkor)&query_place_id=chijizqslsxbqc4rxbzwffglhb0,OPERATIONAL,[],apify_google_maps,1,2026-07-13T02:41:11.895Z,2026-07-13T02:41:11.895Z,2026-07-13T13:48:57.260555+00:00,1.0,True,manual_review,0.5,[],Kategori 'Gedung Olahraga Tenis Meja' tidak terklasifikasi secara otomatis,can_848c45c323a1,part_of,can_153a48484213,canonical_root
can_2f3d5b403d75,Gn. Seminung,gn seminung,,mountain,"['nature', 'mountain']","Lombok, Kec. Lumbok Seminung, Kabupaten Lampung Barat, Lampung, Indonesia",Kabupaten Lampung Barat,"Lombok, kecamatan Lumbok Seminung",,-4.9111111,103.9633333,4.6,263.0,,,,,,,https://www.google.com/maps/search/?api=1&query=gn.%20seminung&query_place_id=chija3buh3-kry4rqwy7a2p0gby,OPERATIONAL,[],apify_google_maps,1,2026-07-13T03:53:56.320Z,2026-07-13T03:53:56.320Z,2026-07-13T13:49:10.519694+00:00,1.0,True,manual_review,0.5,[],Kategori 'Puncak Gunung' tidak terklasifikasi secara otomatis,can_be78d64f081c,part_of,can_2f3d5b403d75,canonical_root
can_0335532170d3,WAY BELERANG SIMPUR KECAPI,way belerang simpur kecapi,,waterpark,"['waterpark', 'nature', 'recreation']","7J6G+CPG, Kecapi, Kec. Kalianda, Kabupaten Lampung Selatan, Lampung 35551, Indonesia",Kabupaten Lampung Selatan,"Kecapi, Kecamatan Kalianda",,-5.738946,105.6268377,4.4,36.0,,,,,Senin: 08.00 to 17.00; Selasa: 08.00 to 17.00; Rabu: 08.00 to 17.00; Kamis: 08.00 to 17.00; Jumat: 08.00 to 16.00; Sabtu: 08.00 to 17.00; Minggu: 08.00 to 17.30,,https://www.google.com/maps/search/?api=1&query=way%20belerang%20simpur%20kecapi&query_place_id=chijpyu0kxupqs4ra22roiv-wzc,OPERATIONAL,"['Pembayaran: Hanya tunai', 'Anak-anak: Cocok untuk anak-anak']",apify_google_maps,1,2026-07-13T03:51:16.435Z,2026-07-13T03:51:16.435Z,2026-07-13T13:49:18.145464+00:00,1.0,True,manual_review,0.5,[],Kategori 'Kolam Renang Umum' tidak terklasifikasi secara otomatis,can_747c1335acc0,part_of,can_0335532170d3,canonical_root
can_20925ee097e7,"Pemandian Air Panas di Laut, Kalianda",air panas di laut kalianda,,other,['other'],"Jl. Pesisir No.484, Kec. Kalianda, Kabupaten Lampung Selatan, Lampung 35551, Indonesia",Kabupaten Lampung Selatan,Kecamatan Kalianda,,-5.7463206,105.586616,4.0,16.0,,,,,,,https://www.google.com/maps/search/?api=1&query=pemandian%20air%20panas%20di%20laut%2c%20kalianda&query_place_id=chijpyrywymrqs4rd5auizwzn7i,OPERATIONAL,[],apify_google_maps,1,2026-07-13T03:51:16.436Z,2026-07-13T03:51:16.436Z,2026-07-13T13:49:18.354563+00:00,1.0,True,manual_review,0.5,[],Kategori 'Pemandian Umum Luas' tidak terklasifikasi secara otomatis,can_3f7d38e8cabe,part_of,can_20925ee097e7,canonical_root
can_3da75c911d59,Sertung National Park,sertung national,,park,['park'],"W95M+P5, Pulau Anak Krakatau, Pulau, Kabupaten Lampung Selatan, Lampung, Indonesia",Kabupaten Lampung Selatan,"Pulau Anak Krakatau, Pulau",,-6.0906563,105.3829042,5.0,2.0,,,,,,,https://www.google.com/maps/search/?api=1&query=sertung%20national%20park&query_place_id=chijtyq7ogbdqs4recyw0qmprlg,OPERATIONAL,[],apify_google_maps,1,2026-07-13T03:51:21.178Z,2026-07-13T03:51:21.178Z,2026-07-13T13:49:18.922989+00:00,1.0,True,manual_review,0.5,[],Kategori 'Taman Negara Bagian' tidak terklasifikasi secara otomatis,can_5107ac23d9be,part_of,can_3da75c911d59,canonical_root
can_5e8cd9349fc4,Tejang Pulau Sebesi,tejang sebesi,,island,"['island', 'nature']","Rajabasa, Kabupaten Lampung Selatan, Lampung, Indonesia",Kabupaten Lampung Selatan,"Tejang Pulau Sebesi, Rajabasa",,-5.9410995,105.488828,,,,,,,,,https://www.google.com/maps/search/?api=1&query=tejang%20pulau%20sebesi&query_place_id=chijkxfaqitrqs4rm7qlifzaq7w,OPERATIONAL,[],apify_google_maps,1,2026-07-13T03:51:34.190Z,2026-07-13T03:51:34.190Z,2026-07-13T13:49:19.407015+00:00,1.0,True,manual_review,0.5,['missing_categories'],Lokasi tanpa kategori,can_1bc941ed25a3,part_of,can_5e8cd9349fc4,canonical_root
can_bb7c0a6ceaa8,Krakatau Kecil National Park,krakatau kecil national,,park,['park'],"WF45+X2, Pulau Anak Krakatau, Pulau, Kabupaten Lampung Selatan, Lampung, Indonesia",Kabupaten Lampung Selatan,"Pulau Anak Krakatau, Pulau",,-6.0926065,105.457596,5.0,3.0,,,,,,,https://www.google.com/maps/search/?api=1&query=krakatau%20kecil%20national%20park&query_place_id=chij8zyaeabnqs4roehx4ut-7fs,OPERATIONAL,[],apify_google_maps,1,2026-07-13T03:52:23.609Z,2026-07-13T03:52:23.609Z,2026-07-13T13:49:20.582133+00:00,1.0,True,manual_review,0.5,[],Kategori 'Taman Negara Bagian' tidak terklasifikasi secara otomatis,can_cd89596250f0,part_of,can_bb7c0a6ceaa8,canonical_root
can_7b40bcbff7f2,Masjid Pemandian Air Panas,masjid air panas,,religious,"['religious', 'culture']","Jl. Lintas Sumatera No.25, Bumisari, Kec. Natar, Kabupaten Lampung Selatan, Lampung 35362, Indonesia",Kabupaten Lampung Selatan,"Bumisari, Kecamatan Natar",,-5.3011001,105.1932481,4.5,32.0,,,,,,,https://www.google.com/maps/search/?api=1&query=masjid%20pemandian%20air%20panas&query_place_id=chijldau4tjpqc4rkeny5-mfigc,OPERATIONAL,['Fasilitas: Toilet'],apify_google_maps,1,2026-07-13T03:54:27.952Z,2026-07-13T03:54:27.952Z,2026-07-13T13:49:23.997273+00:00,1.0,True,manual_review,0.5,['category_manual'],Kategori utama 'Masjid' memerlukan review manual,can_afcf37f1b674,part_of,can_7b40bcbff7f2,canonical_root
can_93375a25e8a9,Simpang Pantai Pasir Putih,simpang pasir putih,,beach,"['nature', 'beach']","Rangai Tri Tunggal, Kec. Katibung, Kabupaten Lampung Selatan, Lampung 35452, Indonesia",Kabupaten Lampung Selatan,"Rangai Tri Tunggal, Kecamatan Katibung",,-5.5296315,105.35755,4.3,77.0,,,,,Senin: Buka 24 jAM; Selasa: Buka 24 jAM; Rabu: Buka 24 jAM; Kamis: Buka 24 jAM; Jumat: Buka 24 jAM; Sabtu: Buka 24 jAM; Minggu: Buka 24 jAM,,https://www.google.com/maps/search/?api=1&query=simpang%20pantai%20pasir%20putih&query_place_id=chijj3sx-4agqs4rf3rracir8bi,OPERATIONAL,[],apify_google_maps,1,2026-07-13T03:55:04.659Z,2026-07-13T03:55:04.659Z,2026-07-13T13:49:26.950898+00:00,1.0,True,manual_review,0.5,['missing_categories'],Lokasi tanpa kategori,can_7b23a3c73c2c,part_of,can_93375a25e8a9,canonical_root
can_bf9e29fba02b,Pantai Batu rame ketang,batu rame ketang,,beach,"['nature', 'beach']","7HV7+JG8, Jln. Sinar Laut, dusun Ketang, kelurahan, Way Urang, Kec. Kalianda, Kabupaten Lampung Selatan, Lampung 35551, Indonesia",Kabupaten Lampung Selatan,"Way Urang, Kecamatan Kalianda",,-5.7108875,105.5682344,4.3,3.0,,,,,,,https://www.google.com/maps/search/?api=1&query=pantai%20batu%20rame%20ketang&query_place_id=chij60u6cqarqs4r9d64uxw5w0q,OPERATIONAL,[],apify_google_maps,1,2026-07-13T03:55:33.319Z,2026-07-13T03:55:33.319Z,2026-07-13T13:49:27.928332+00:00,1.0,True,manual_review,0.5,['missing_categories'],Lokasi tanpa kategori,can_68d3dfe705e8,part_of,can_bf9e29fba02b,canonical_root
can_f0711a80f1b6,Pulau Anak Krakatau,anak krakatau,,island,"['island', 'nature']","Pulau, Kabupaten Lampung Selatan, Lampung, Indonesia",Kabupaten Lampung Selatan,"Pulau Anak Krakatau, Pulau",,-6.1006324,105.4232022,,,,,,,,,https://www.google.com/maps/search/?api=1&query=pulau%20anak%20krakatau&query_place_id=chijw8irxj5gqs4rmfxfn5lubbk,OPERATIONAL,[],apify_google_maps,1,2026-07-13T03:56:55.256Z,2026-07-13T03:56:55.256Z,2026-07-13T13:49:31.193958+00:00,1.0,True,manual_review,0.5,['missing_categories'],Lokasi tanpa kategori,can_bfa7bc1ee8b5,part_of,can_f0711a80f1b6,canonical_root
can_8af203473fbb,Pantai mandiri family keday,mandiri family keday,,beach,"['beach', 'nature', 'park', 'recreation', 'family']","QX27+RF7, Jl.wisata pantai mandiri, Balai Kencana, Kec. Krui Sel., Kabupaten Pesisir Barat, Lampung, Indonesia",Kabupaten Pesisir Barat,"Balai Kencana, Kecamatan Krui Selatan",,-5.2479654,103.9636572,5.0,3.0,,,,,Senin: Buka 24 jAM; Selasa: Buka 24 jAM; Rabu: Buka 24 jAM; Kamis: Buka 24 jAM; Jumat: Buka 24 jAM; Sabtu: Buka 24 jAM; Minggu: Buka 24 jAM,+6281291964662,https://www.google.com/maps/search/?api=1&query=pantai%20mandiri%20family%20keday&query_place_id=chijq3mzbgc_ry4rmczerlqkxie,OPERATIONAL,[],apify_google_maps,1,2026-07-13T03:54:42.580Z,2026-07-13T03:54:42.580Z,2026-07-13T13:49:37.022520+00:00,1.0,True,manual_review,0.5,[],Kategori 'Taman' tanpa sinyal wisata khusus,can_139781e52b1f,part_of,can_8af203473fbb,canonical_root
can_2154c81a167c,Musholla Pasar Taman Negeri,musholla pasar negeri,,park,['park'],"Jl. Raya Lintas Pantai Timur Sumatera No.16, Taman Negeri, Kec. Way Bungur, Kabupaten Lampung Timur, Lampung 34373, Indonesia",Kabupaten Lampung Timur,"Taman Negeri, Kecamatan Way Bungur",,-4.9309304,105.5276309,4.0,2.0,,,,,Senin: Buka 24 jAM; Selasa: Buka 24 jAM; Rabu: Buka 24 jAM; Kamis: Buka 24 jAM; Jumat: Buka 24 jAM; Sabtu: Buka 24 jAM; Minggu: Buka 24 jAM,,https://www.google.com/maps/search/?api=1&query=musholla%20pasar%20taman%20negeri&query_place_id=chijf03n0uacqc4rjbey6vu4kom,OPERATIONAL,['Fasilitas: Toilet'],apify_google_maps,1,2026-07-13T04:22:11.194Z,2026-07-13T04:22:11.194Z,2026-07-13T13:50:10.212141+00:00,1.0,True,manual_review,0.5,['category_manual'],Kategori utama 'Tempat Ibadah' memerlukan review manual,can_2ee0b7a4ec25,part_of,can_2154c81a167c,canonical_root
can_d480cc423a8f,Pemandian kali Nangan,kali nangan,,other,['other'],"6F98+848, Rebang Tinggi, Kec. Banjit, Kabupaten Way Kanan, Lampung 34766, Indonesia",Kabupaten Way Kanan,"Rebang Tinggi, Kecamatan Banjit",,-4.7817107,104.4653311,5.0,1.0,,,,,,,https://www.google.com/maps/search/?api=1&query=pemandian%20kali%20nangan&query_place_id=chij67znq7gfoc4r4law_vfl6dg,OPERATIONAL,[],apify_google_maps,1,2026-07-13T04:22:04.881Z,2026-07-13T04:22:04.881Z,2026-07-13T13:50:21.607931+00:00,1.0,True,manual_review,0.5,[],Kategori 'Perusahaan Daerah Air Minum (Pdam)' tidak terklasifikasi secara otomatis,can_44c74df9cd0a,part_of,can_d480cc423a8f,canonical_root
can_63d221384208,TPU SAMBER,tpu samber,,religious,"['religious', 'culture']","V8J3+VXF, Metro, Kec. Metro Pusat, Kota Metro, Lampung 34125, Indonesia",Kota Metro,"Metro, Kecamatan Metro Pusat",,-5.1178219,105.304926,4.8,5.0,,,,,,,https://www.google.com/maps/search/?api=1&query=tpu%20samber&query_place_id=chijsetztzy7qc4rbm_o9mdg6la,OPERATIONAL,[],apify_google_maps,1,2026-07-13T07:01:17.417Z,2026-07-13T07:01:17.417Z,2026-07-13T13:50:53.402999+00:00,1.0,True,manual_review,0.5,[],Kategori 'Pemakaman' tidak terklasifikasi secara otomatis,can_e3e5bc793b8c,part_of,can_63d221384208,canonical_root
can_928fdf091baa,Waterboom Metro Garden,waterboom metro garden,,family,"['recreation', 'family']","Gg. Harapan No.2, Hadimulyo Bar., Kec. Metro Pusat, Kota Metro, Lampung 34111, Indonesia",Kota Metro,"Hadimulyo Barat, Kecamatan Metro Pusat",,-5.1067153,105.3064921,4.0,1.0,,,,,,,https://www.google.com/maps/search/?api=1&query=waterboom%20metro%20garden&query_place_id=chij-x4hwgc7qc4rjiq6kcexsx4,OPERATIONAL,"['Fasilitas: Toilet', 'Anak-anak: Aktivitas yang cocok untuk anak-anak']",apify_google_maps,1,2026-07-13T07:02:45.942Z,2026-07-13T07:02:45.942Z,2026-07-13T13:50:55.790397+00:00,1.0,True,manual_review,0.5,[],Kategori 'Arena Bermain Anak-Anak' tidak terklasifikasi secara otomatis,can_1f861ade6dd3,part_of,can_928fdf091baa,canonical_root
